,DATE,AVG_WND_SPEED,PRCP,SNOW,SNOW_DEPTH,TAVG,TMAX,TMIN,FOG,THUNDER,SLEET_OR_HAIL
53,2015-04-23,15.21,0.0,0.0,0.0,48.0,52,43,0.0,0.0,0.0
54,2015-04-24,16.55,0.0,0.0,0.0,47.0,57,39,0.0,0.0,0.0
55,2015-04-25,9.17,0.0,0.0,0.0,48.0,58,37,0.0,0.0,0.0
56,2015-04-26,7.38,0.0,0.0,0.0,54.0,64,45,0.0,0.0,0.0
57,2015-04-27,11.18,0.0,0.0,0.0,54.0,60,48,0.0,0.0,0.0
58,2015-04-28,13.87,0.0,0.0,0.0,59.0,71,51,0.0,0.0,0.0
59,2015-04-29,8.05,0.0,0.0,0.0,65.0,77,51,0.0,0.0,0.0
60,2015-04-30,11.41,0.0,0.0,0.0,61.0,72,50,0.0,0.0,0.0
61,2015-05-01,8.28,0.0,0.0,0.0,56.0,64,49,0.0,0.0,0.0
62,2015-05-02,4.7,0.0,0.0,0.0,58.0,74,47,0.0,0.0,0.0
63,2015-05-03,4.7,0.0,0.0,0.0,64.0,81,49,0.0,0.0,0.0
64,2015-05-04,8.28,0.0,0.0,0.0,70.0,85,54,0.0,0.0,0.0
65,2015-05-05,8.28,0.0,0.0,0.0,73.0,85,62,0.0,0.0,0.0
66,2015-05-06,7.38,0.0,0.0,0.0,71.0,77,57,1.0,0.0,0.0
67,2015-05-07,5.37,0.0,0.0,0.0,67.0,81,57,0.0,0.0,0.0
68,2015-05-08,5.14,0.0,0.0,0.0,69.0,83,55,1.0,0.0,0.0
69,2015-05-09,5.14,0.03,0.0,0.0,69.0,80,60,1.0,0.0,0.0
70,2015-05-10,7.16,0.0,0.0,0.0,73.0,84,67,1.0,0.0,0.0
71,2015-05-11,6.71,0.0,0.0,0.0,75.0,84,69,1.0,0.0,0.0
72,2015-05-12,13.42,0.0,0.0,0.0,76.0,88,66,0.0,0.0,0.0
73,2015-05-13,15.66,0.0,0.0,0.0,69.0,72,54,0.0,0.0,0.0
74,2015-05-14,8.5,0.0,0.0,0.0,60.0,72,50,0.0,0.0,0.0
75,2015-05-15,8.5,0.0,0.0,0.0,64.0,76,54,0.0,0.0,0.0
76,2015-05-16,6.93,0.33,0.0,0.0,70.0,86,59,1.0,1.0,0.0
77,2015-05-17,6.93,0.01,0.0,0.0,75.0,84,68,1.0,0.0,0.0
78,2015-05-18,7.16,0.03,0.0,0.0,76.0,87,61,1.0,0.0,0.0
79,2015-05-19,7.38,0.01,0.0,0.0,68.0,83,61,1.0,0.0,0.0
80,2015-05-20,12.97,0.0,0.0,0.0,67.0,75,58,0.0,0.0,0.0
81,2015-05-21,4.92,0.18,0.0,0.0,57.0,58,51,0.0,0.0,0.0
82,2015-05-22,13.65,0.0,0.0,0.0,62.0,77,53,0.0,0.0,0.0
83,2015-05-23,9.4,0.0,0.0,0.0,62.0,71,51,0.0,0.0,0.0
84,2015-05-24,8.95,0.0,0.0,0.0,66.0,82,52,0.0,0.0,0.0
85,2015-05-25,11.86,0.0,0.0,0.0,74.0,87,63,0.0,0.0,0.0
86,2015-05-26,12.3,0.0,0.0,0.0,76.0,89,65,0.0,0.0,0.0
87,2015-05-27,10.51,0.6,0.0,0.0,78.0,89,71,0.0,1.0,0.0
88,2015-05-28,7.38,0.0,0.0,0.0,77.0,89,70,0.0,0.0,0.0
89,2015-05-29,7.16,0.0,0.0,0.0,78.0,87,66,0.0,0.0,0.0
90,2015-05-30,9.84,0.0,0.0,0.0,77.0,87,68,0.0,0.0,0.0
91,2015-05-31,10.29,0.0,0.0,0.0,79.0,92,70,0.0,0.0,0.0
92,2015-06-01,10.07,1.96,0.0,0.0,72.0,76,58,1.0,1.0,0.0
93,2015-06-02,10.51,0.3,0.0,0.0,57.0,58,53,1.0,0.0,0.0
94,2015-06-03,9.84,0.01,0.0,0.0,60.0,70,55,0.0,0.0,0.0
95,2015-06-04,10.96,0.0,0.0,0.0,62.0,70,57,0.0,0.0,0.0
96,2015-06-05,6.49,0.13,0.0,0.0,63.0,76,56,1.0,0.0,0.0
97,2015-06-06,6.71,0.05,0.0,0.0,71.0,81,64,1.0,0.0,0.0
98,2015-06-07,7.61,0.0,0.0,0.0,69.0,77,58,0.0,0.0,0.0
99,2015-06-08,12.53,0.88,0.0,0.0,72.0,86,64,1.0,1.0,0.0
100,2015-06-09,12.97,0.02,0.0,0.0,76.0,86,69,1.0,1.0,0.0
101,2015-06-10,7.61,0.0,0.0,0.0,77.0,86,65,0.0,0.0,0.0
102,2015-06-11,10.07,0.0,0.0,0.0,80.0,92,70,0.0,0.0,0.0
103,2015-06-12,10.51,0.0,0.0,0.0,85.0,95,75,1.0,0.0,0.0
104,2015-06-13,9.4,0.0,0.0,0.0,83.0,88,77,0.0,0.0,0.0
105,2015-06-14,5.14,0.09,0.0,0.0,81.0,90,72,1.0,0.0,0.0
106,2015-06-15,8.5,0.0,0.0,0.0,80.0,89,74,1.0,0.0,0.0
107,2015-06-16,9.17,0.0,0.0,0.0,83.0,91,74,1.0,0.0,0.0
108,2015-06-17,8.5,0.0,0.0,0.0,78.0,86,69,0.0,0.0,0.0
109,2015-06-18,6.71,0.65,0.0,0.0,69.0,74,65,1.0,0.0,0.0
110,2015-06-19,7.38,0.27,0.0,0.0,76.0,87,70,1.0,1.0,0.0
111,2015-06-20,8.05,0.48,0.0,0.0,78.0,86,71,1.0,1.0,0.0
112,2015-06-21,11.86,0.3,0.0,0.0,80.0,91,73,1.0,1.0,0.0
113,2015-06-22,9.62,0.0,0.0,0.0,83.0,91,73,0.0,0.0,0.0
114,2015-06-23,11.41,0.55,0.0,0.0,84.0,95,70,1.0,1.0,0.0
115,2015-06-24,8.05,0.0,0.0,0.0,76.0,85,69,0.0,0.0,0.0
116,2015-06-25,5.59,0.13,0.0,0.0,77.0,84,68,0.0,0.0,0.0
117,2015-06-26,5.59,0.0,0.0,0.0,73.0,84,68,0.0,0.0,0.0
118,2015-06-27,12.53,1.34,0.0,0.0,70.0,71,63,1.0,0.0,0.0
119,2015-06-28,14.32,0.22,0.0,0.0,70.0,79,66,1.0,0.0,0.0
120,2015-06-29,9.84,0.0,0.0,0.0,72.0,81,63,0.0,0.0,0.0
121,2015-06-30,8.28,1.5,0.0,0.0,76.0,86,67,0.0,1.0,0.0
122,2015-07-01,10.96,0.08,0.0,0.0,77.0,86,69,1.0,1.0,0.0
123,2015-07-02,3.13,0.02,0.0,0.0,74.0,77,67,0.0,0.0,0.0
124,2015-07-03,5.14,0.0,0.0,0.0,74.0,83,66,0.0,0.0,0.0
125,2015-07-04,6.71,0.02,0.0,0.0,73.0,77,69,0.0,0.0,0.0
126,2015-07-05,4.7,0.0,0.0,0.0,75.0,84,67,0.0,0.0,0.0
127,2015-07-06,6.26,0.0,0.0,0.0,78.0,88,72,0.0,1.0,0.0
128,2015-07-07,9.4,0.0,0.0,0.0,82.0,91,76,0.0,0.0,0.0
129,2015-07-08,8.28,0.0,0.0,0.0,82.0,89,77,0.0,0.0,0.0
130,2015-07-09,6.93,0.76,0.0,0.0,79.0,85,73,1.0,1.0,0.0
131,2015-07-10,10.51,0.0,0.0,0.0,78.0,86,72,0.0,0.0,0.0
132,2015-07-11,6.71,0.0,0.0,0.0,80.0,89,73,0.0,0.0,0.0
133,2015-07-12,3.8,0.0,0.0,0.0,80.0,90,69,0.0,0.0,0.0
134,2015-07-13,5.37,0.0,0.0,0.0,79.0,87,72,0.0,0.0,0.0
135,2015-07-14,5.59,0.58,0.0,0.0,78.0,86,73,1.0,1.0,0.0
136,2015-07-15,8.28,0.69,0.0,0.0,76.0,82,69,1.0,1.0,0.0
137,2015-07-16,7.61,0.0,0.0,0.0,72.0,82,64,0.0,0.0,0.0
138,2015-07-17,6.49,0.0,0.0,0.0,75.0,83,67,0.0,0.0,0.0
139,2015-07-18,9.17,0.0,0.0,0.0,79.0,89,71,0.0,0.0,0.0
140,2015-07-19,7.16,0.0,0.0,0.0,85.0,95,77,1.0,0.0,0.0
141,2015-07-20,8.05,0.03,0.0,0.0,87.0,95,81,0.0,0.0,0.0
142,2015-07-21,6.71,0.0,0.0,0.0,85.0,91,74,0.0,0.0,0.0
143,2015-07-22,10.07,0.0,0.0,0.0,78.0,85,70,0.0,0.0,0.0
144,2015-07-23,8.05,0.0,0.0,0.0,77.0,83,68,0.0,0.0,0.0
145,2015-07-24,7.16,0.0,0.0,0.0,78.0,86,67,0.0,0.0,0.0
146,2015-07-25,6.49,0.0,0.0,0.0,79.0,90,68,0.0,0.0,0.0
147,2015-07-26,10.51,0.0,0.0,0.0,80.0,89,72,0.0,0.0,0.0
148,2015-07-27,6.04,0.47,0.0,0.0,78.0,87,71,1.0,1.0,0.0
149,2015-07-28,5.14,0.0,0.0,0.0,82.0,93,75,1.0,0.0,0.0
150,2015-07-29,7.16,0.0,0.0,0.0,84.0,93,76,0.0,0.0,0.0
151,2015-07-30,10.29,0.51,0.0,0.0,82.0,91,77,1.0,1.0,0.0
152,2015-07-31,7.38,0.0,0.0,0.0,81.0,90,69,1.0,0.0,0.0
153,2015-08-01,10.51,0.0,0.0,0.0,82.0,90,75,0.0,0.0,0.0
154,2015-08-02,6.71,0.0,0.0,0.0,81.0,90,69,0.0,0.0,0.0
155,2015-08-03,11.18,0.0,0.0,0.0,82.0,93,73,0.0,0.0,0.0
156,2015-08-04,9.62,0.01,0.0,0.0,83.0,93,74,0.0,1.0,0.0
157,2015-08-05,8.95,0.0,0.0,0.0,82.0,89,73,0.0,0.0,0.0
158,2015-08-06,6.49,0.08,0.0,0.0,79.0,85,68,0.0,0.0,0.0
159,2015-08-07,9.17,0.0,0.0,0.0,78.0,87,69,0.0,0.0,0.0
160,2015-08-08,6.71,0.0,0.0,0.0,76.0,87,69,0.0,0.0,0.0
161,2015-08-09,4.7,0.0,0.0,0.0,77.0,86,71,0.0,0.0,0.0
162,2015-08-10,8.05,0.04,0.0,0.0,74.0,79,69,1.0,0.0,0.0
163,2015-08-11,10.51,0.72,0.0,0.0,75.0,85,71,1.0,1.0,0.0
164,2015-08-12,8.5,0.0,0.0,0.0,77.0,85,70,0.0,0.0,0.0
165,2015-08-13,6.26,0.0,0.0,0.0,76.0,84,68,0.0,0.0,0.0
166,2015-08-14,6.71,0.0,0.0,0.0,78.0,88,65,0.0,0.0,0.0
167,2015-08-15,7.83,0.0,0.0,0.0,80.0,91,69,0.0,0.0,0.0
168,2015-08-16,8.05,0.0,0.0,0.0,81.0,93,72,0.0,0.0,0.0
169,2015-08-17,8.5,0.0,0.0,0.0,83.0,94,73,0.0,0.0,0.0
170,2015-08-18,7.61,0.0,0.0,0.0,81.0,92,73,0.0,0.0,0.0
171,2015-08-19,8.5,0.0,0.0,0.0,82.0,92,75,0.0,0.0,0.0
172,2015-08-20,8.95,0.13,0.0,0.0,81.0,90,76,0.0,0.0,0.0
173,2015-08-21,9.62,0.0,0.0,0.0,80.0,88,73,0.0,0.0,0.0
174,2015-08-22,9.4,0.0,0.0,0.0,78.0,86,68,0.0,0.0,0.0
175,2015-08-23,4.92,0.0,0.0,0.0,76.0,87,65,0.0,0.0,0.0
176,2015-08-24,6.71,0.0,0.0,0.0,78.0,89,66,0.0,0.0,0.0
177,2015-08-25,8.5,0.0,0.0,0.0,81.0,89,72,0.0,0.0,0.0
178,2015-08-26,8.95,0.0,0.0,0.0,76.0,83,68,0.0,0.0,0.0
179,2015-08-27,8.5,0.0,0.0,0.0,74.0,81,64,0.0,0.0,0.0
180,2015-08-28,4.92,0.0,0.0,0.0,74.0,85,63,0.0,0.0,0.0
181,2015-08-29,7.38,0.0,0.0,0.0,76.0,87,64,0.0,0.0,0.0
182,2015-08-30,9.84,0.0,0.0,0.0,79.0,91,70,0.0,0.0,0.0
183,2015-08-31,10.51,0.0,0.0,0.0,82.0,90,76,0.0,0.0,0.0
184,2015-09-01,5.37,0.0,0.0,0.0,83.0,95,73,0.0,0.0,0.0
185,2015-09-02,5.82,0.0,0.0,0.0,81.0,93,73,1.0,0.0,0.0
186,2015-09-03,5.82,0.0,0.0,0.0,84.0,96,74,0.0,1.0,0.0
187,2015-09-04,9.62,0.0,0.0,0.0,83.0,93,73,0.0,0.0,0.0
188,2015-09-05,8.28,0.0,0.0,0.0,78.0,88,67,0.0,0.0,0.0
189,2015-09-06,4.25,0.0,0.0,0.0,75.0,88,63,0.0,0.0,0.0
190,2015-09-07,6.93,0.0,0.0,0.0,78.0,90,69,1.0,0.0,0.0
191,2015-09-08,8.5,0.0,0.0,0.0,81.0,94,72,0.0,0.0,0.0
192,2015-09-09,8.95,0.0,0.0,0.0,82.0,93,75,0.0,0.0,0.0
193,2015-09-10,7.83,4.76,0.0,0.0,77.0,81,70,1.0,1.0,0.0
194,2015-09-11,8.5,0.01,0.0,0.0,74.0,83,68,0.0,0.0,0.0
195,2015-09-12,7.83,0.02,0.0,0.0,73.0,78,68,0.0,0.0,0.0
196,2015-09-13,9.62,0.0,0.0,0.0,68.0,72,60,0.0,0.0,0.0
197,2015-09-14,11.63,0.0,0.0,0.0,66.0,77,56,0.0,0.0,0.0
198,2015-09-15,5.14,0.0,0.0,0.0,71.0,83,58,0.0,0.0,0.0
199,2015-09-16,3.8,0.0,0.0,0.0,74.0,87,63,0.0,0.0,0.0
200,2015-09-17,5.14,0.0,0.0,0.0,75.0,86,64,0.0,0.0,0.0
201,2015-09-18,4.47,0.0,0.0,0.0,74.0,84,63,0.0,0.0,0.0
202,2015-09-19,6.49,0.0,0.0,0.0,74.0,85,66,1.0,0.0,0.0
203,2015-09-20,11.86,0.0,0.0,0.0,74.0,80,65,0.0,0.0,0.0
204,2015-09-21,10.51,0.0,0.0,0.0,67.0,74,60,0.0,0.0,0.0
205,2015-09-22,9.84,0.0,0.0,0.0,67.0,75,63,0.0,0.0,0.0
206,2015-09-23,6.71,0.0,0.0,0.0,69.0,80,59,0.0,0.0,0.0
207,2015-09-24,7.16,0.0,0.0,0.0,69.0,82,57,0.0,0.0,0.0
208,2015-09-25,11.41,0.0,0.0,0.0,69.0,78,64,0.0,0.0,0.0
209,2015-09-26,12.3,0.0,0.0,0.0,66.0,72,61,0.0,0.0,0.0
210,2015-09-27,10.07,0.0,0.0,0.0,64.0,71,60,0.0,0.0,0.0
211,2015-09-28,5.82,0.0,0.0,0.0,71.0,83,65,1.0,0.0,0.0
212,2015-09-29,6.04,1.21,0.0,0.0,75.0,85,68,1.0,0.0,0.0
213,2015-09-30,12.75,0.27,0.0,0.0,76.0,82,65,1.0,0.0,0.0
214,2015-10-01,16.33,0.49,0.0,0.0,62.0,65,57,1.0,0.0,0.0
215,2015-10-02,22.82,1.8,0.0,0.0,54.0,57,50,1.0,0.0,0.0
216,2015-10-03,19.01,0.01,0.0,0.0,53.0,57,49,1.0,0.0,0.0
217,2015-10-04,14.76,0.0,0.0,0.0,57.0,63,55,0.0,0.0,0.0
218,2015-10-05,9.84,0.0,0.0,0.0,59.0,69,51,0.0,0.0,0.0
219,2015-10-06,5.37,0.0,0.0,0.0,62.0,75,51,0.0,0.0,0.0
220,2015-10-07,6.26,0.0,0.0,0.0,66.0,75,59,0.0,0.0,0.0
221,2015-10-08,3.36,0.0,0.0,0.0,66.0,76,57,0.0,0.0,0.0
222,2015-10-09,9.62,0.29,0.0,0.0,67.0,80,60,0.0,1.0,0.0
223,2015-10-10,8.05,0.0,0.0,0.0,61.0,66,52,0.0,0.0,0.0
224,2015-10-11,5.14,0.0,0.0,0.0,58.0,70,47,0.0,0.0,0.0
225,2015-10-12,5.59,0.0,0.0,0.0,62.0,76,51,1.0,0.0,0.0
226,2015-10-13,8.5,0.0,0.0,0.0,66.0,76,59,0.0,0.0,0.0
227,2015-10-14,10.51,0.0,0.0,0.0,64.0,68,57,0.0,0.0,0.0
228,2015-10-15,9.17,0.0,0.0,0.0,60.0,66,52,0.0,0.0,0.0
229,2015-10-16,9.4,0.0,0.0,0.0,58.0,66,50,0.0,0.0,0.0
230,2015-10-17,10.74,0.0,0.0,0.0,52.0,57,45,0.0,0.0,0.0
231,2015-10-18,8.95,0.0,0.0,0.0,46.0,53,38,0.0,0.0,0.0
232,2015-10-19,8.05,0.0,0.0,0.0,43.0,55,35,0.0,0.0,0.0
233,2015-10-20,12.53,0.0,0.0,0.0,55.0,71,47,0.0,0.0,0.0
234,2015-10-21,6.04,0.0,0.0,0.0,61.0,76,50,0.0,0.0,0.0
235,2015-10-22,8.5,0.0,0.0,0.0,62.0,77,50,0.0,0.0,0.0
236,2015-10-23,10.07,0.0,0.0,0.0,61.0,65,48,0.0,0.0,0.0
237,2015-10-24,6.71,0.0,0.0,0.0,53.0,64,43,0.0,0.0,0.0
238,2015-10-25,10.51,0.0,0.0,0.0,61.0,71,52,0.0,0.0,0.0
239,2015-10-26,5.37,0.0,0.0,0.0,54.0,60,45,0.0,0.0,0.0
240,2015-10-27,8.05,0.0,0.0,0.0,51.0,62,42,0.0,0.0,0.0
241,2015-10-28,14.54,0.58,0.0,0.0,60.0,72,54,1.0,0.0,0.0
242,2015-10-29,12.3,0.59,0.0,0.0,68.0,72,58,1.0,0.0,0.0
243,2015-10-30,10.07,0.0,0.0,0.0,56.0,60,45,0.0,0.0,0.0
244,2015-10-31,5.37,0.0,0.0,0.0,50.0,58,40,0.0,0.0,0.0
245,2015-11-01,10.51,0.0,0.0,0.0,58.0,65,52,0.0,0.0,0.0
246,2015-11-02,1.79,0.0,0.0,0.0,59.0,65,50,1.0,0.0,0.0
247,2015-11-03,3.36,0.0,0.0,0.0,58.0,76,46,0.0,0.0,0.0
248,2015-11-04,3.8,0.0,0.0,0.0,62.0,80,49,1.0,0.0,0.0
249,2015-11-05,4.03,0.1,0.0,0.0,62.0,69,56,1.0,0.0,0.0
250,2015-11-06,10.07,0.02,0.0,0.0,69.0,77,66,1.0,0.0,0.0
251,2015-11-07,8.28,0.01,0.0,0.0,65.0,69,54,0.0,0.0,0.0
252,2015-11-08,6.26,0.0,0.0,0.0,54.0,59,44,0.0,0.0,0.0
253,2015-11-09,3.58,0.0,0.0,0.0,50.0,61,39,0.0,0.0,0.0
254,2015-11-10,11.86,0.65,0.0,0.0,58.0,62,54,1.0,1.0,0.0
255,2015-11-11,10.51,0.01,0.0,0.0,58.0,65,54,1.0,0.0,0.0
256,2015-11-12,7.38,0.13,0.0,0.0,55.0,61,49,1.0,0.0,0.0
257,2015-11-13,15.88,0.0,0.0,0.0,56.0,59,48,0.0,0.0,0.0
258,2015-11-14,13.42,0.0,0.0,0.0,49.0,51,40,0.0,0.0,0.0
259,2015-11-15,10.51,0.0,0.0,0.0,48.0,61,37,0.0,0.0,0.0
260,2015-11-16,6.71,0.0,0.0,0.0,56.0,70,44,0.0,0.0,0.0
261,2015-11-17,9.17,0.0,0.0,0.0,52.0,57,42,0.0,0.0,0.0
262,2015-11-18,7.61,0.0,0.0,0.0,50.0,63,41,0.0,0.0,0.0
263,2015-11-19,9.62,0.82,0.0,0.0,62.0,67,54,1.0,0.0,0.0
264,2015-11-20,11.18,0.0,0.0,0.0,57.0,64,42,0.0,0.0,0.0
265,2015-11-21,8.05,0.0,0.0,0.0,47.0,56,39,0.0,0.0,0.0
266,2015-11-22,12.53,0.0,0.0,0.0,49.0,53,40,0.0,0.0,0.0
267,2015-11-23,12.3,0.0,0.0,0.0,40.0,43,34,0.0,0.0,0.0
268,2015-11-24,5.82,0.0,0.0,0.0,41.0,50,33,0.0,0.0,0.0
269,2015-11-25,4.7,0.0,0.0,0.0,44.0,55,33,0.0,0.0,0.0
270,2015-11-26,2.24,0.0,0.0,0.0,47.0,64,37,0.0,0.0,0.0
271,2015-11-27,5.59,0.0,0.0,0.0,51.0,66,40,1.0,0.0,0.0
272,2015-11-28,5.37,0.01,0.0,0.0,55.0,62,48,1.0,0.0,0.0
273,2015-11-29,7.61,0.12,0.0,0.0,48.0,51,40,0.0,0.0,0.0
274,2015-11-30,11.63,0.02,0.0,0.0,42.0,47,36,1.0,0.0,0.0
275,2015-12-01,7.16,0.7,0.0,0.0,51.0,56,45,1.0,0.0,0.0
276,2015-12-02,6.26,0.16,0.0,0.0,55.0,60,52,1.0,0.0,0.0
277,2015-12-03,14.09,0.0,0.0,0.0,51.0,56,40,0.0,0.0,0.0
278,2015-12-04,7.61,0.0,0.0,0.0,46.0,52,39,0.0,0.0,0.0
279,2015-12-05,3.58,0.0,0.0,0.0,44.0,51,36,1.0,0.0,0.0
280,2015-12-06,4.03,0.0,0.0,0.0,42.0,53,32,1.0,0.0,0.0
281,2015-12-07,4.47,0.0,0.0,0.0,44.0,57,35,1.0,0.0,0.0
282,2015-12-08,5.82,0.0,0.0,0.0,45.0,50,36,0.0,0.0,0.0
283,2015-12-09,5.82,0.0,0.0,0.0,44.0,58,35,1.0,0.0,0.0
284,2015-12-10,3.58,0.0,0.0,0.0,53.0,62,46,0.0,0.0,0.0
285,2015-12-11,4.7,0.0,0.0,0.0,51.0,61,42,1.0,0.0,0.0
286,2015-12-12,4.03,0.0,0.0,0.0,56.0,69,49,1.0,0.0,0.0
287,2015-12-13,3.13,0.0,0.0,0.0,60.0,71,52,1.0,0.0,0.0
288,2015-12-14,7.16,0.09,0.0,0.0,60.0,70,53,1.0,0.0,0.0
289,2015-12-15,16.11,0.09,0.0,0.0,62.0,69,49,0.0,0.0,0.0
290,2015-12-16,7.16,0.0,0.0,0.0,51.0,53,48,0.0,0.0,0.0
291,2015-12-17,4.03,0.92,0.0,0.0,51.0,57,45,1.0,0.0,0.0
292,2015-12-18,13.87,0.0,0.0,0.0,49.0,56,39,0.0,0.0,0.0
293,2015-12-19,16.78,0.0,0.0,0.0,38.0,42,33,0.0,0.0,0.0
294,2015-12-20,8.95,0.0,0.0,0.0,36.0,43,30,0.0,0.0,0.0
295,2015-12-21,10.96,0.0,0.0,0.0,45.0,57,36,0.0,0.0,0.0
296,2015-12-22,8.95,0.15,0.0,0.0,57.0,61,54,1.0,0.0,0.0
297,2015-12-23,7.61,1.55,0.0,0.0,59.0,70,57,1.0,0.0,0.0
298,2015-12-24,10.51,0.06,0.0,0.0,69.0,71,62,1.0,0.0,0.0
299,2015-12-25,3.58,0.32,0.0,0.0,65.0,68,58,1.0,0.0,0.0
300,2015-12-26,10.29,0.0,0.0,0.0,58.0,63,50,1.0,0.0,0.0
301,2015-12-27,10.74,0.04,0.0,0.0,55.0,65,47,1.0,0.0,0.0
302,2015-12-28,13.65,0.05,0.0,0.0,46.0,47,40,1.0,0.0,0.0
303,2015-12-29,7.83,0.84,0.0,0.0,47.0,52,41,1.0,1.0,0.0
304,2015-12-30,3.58,0.17,0.0,0.0,49.0,52,46,1.0,0.0,0.0
305,2015-12-31,9.17,0.0,0.0,0.0,50.0,52,42,1.0,0.0,0.0
306,2016-01-01,11.63,0.0,0.0,0.0,,43,34,0.0,0.0,0.0
307,2016-01-02,7.16,0.0,0.0,0.0,,44,31,0.0,0.0,0.0
308,2016-01-03,9.4,0.0,0.0,0.0,,50,30,0.0,0.0,0.0
309,2016-01-04,16.11,0.0,0.0,0.0,,37,14,0.0,0.0,0.0
310,2016-01-05,8.5,0.0,0.0,0.0,,32,12,0.0,0.0,0.0
311,2016-01-06,4.7,0.0,0.0,0.0,,40,18,0.0,0.0,0.0
312,2016-01-07,1.34,0.0,0.0,0.0,,45,28,0.0,0.0,0.0
313,2016-01-08,5.82,0.0,0.0,0.0,,45,36,0.0,0.0,0.0
314,2016-01-09,7.61,0.0,0.0,0.0,,54,42,1.0,0.0,0.0
315,2016-01-10,17.0,0.63,0.0,0.0,,65,40,1.0,0.0,0.0
316,2016-01-11,13.42,0.0,0.0,0.0,,40,26,0.0,0.0,0.0
317,2016-01-12,12.75,0.0,0.0,0.0,,46,24,0.0,0.0,0.0
318,2016-01-13,16.11,0.0,0.0,0.0,,29,21,0.0,0.0,0.0
319,2016-01-14,9.4,0.0,0.0,0.0,,47,26,0.0,0.0,0.0
320,2016-01-15,3.58,0.16,0.0,0.0,,53,30,1.0,0.0,0.0
321,2016-01-16,11.63,0.2,0.0,0.0,,54,40,1.0,0.0,0.0
322,2016-01-17,7.61,0.04,0.5,0.0,,42,30,1.0,0.0,0.0
323,2016-01-18,19.01,0.0,0.0,0.0,,31,18,0.0,0.0,0.0
324,2016-01-19,18.12,0.0,0.0,0.0,,29,16,0.0,0.0,0.0
325,2016-01-20,8.95,0.0,0.0,0.0,,36,21,0.0,0.0,0.0
326,2016-01-21,9.62,0.0,0.0,0.0,,37,26,0.0,0.0,0.0
327,2016-01-22,10.29,0.2,3.0,0.0,,28,21,1.0,0.0,0.0
328,2016-01-23,24.83,1.4,19.4,11.8,,30,24,1.0,0.0,0.0
329,2016-01-24,9.62,0.0,0.0,18.1,,34,21,0.0,0.0,0.0
330,2016-01-25,2.24,0.0,0.0,14.2,,40,19,0.0,0.0,0.0
331,2016-01-26,6.49,0.0,0.0,11.8,,50,22,0.0,0.0,0.0
332,2016-01-27,9.84,0.0,0.0,9.1,,45,30,0.0,0.0,0.0
333,2016-01-28,3.58,0.0,0.0,5.9,,43,24,0.0,0.0,0.0
334,2016-01-29,10.07,0.0,0.0,5.9,,42,28,0.0,0.0,0.0
335,2016-01-30,8.28,0.0,0.0,5.1,,41,26,0.0,0.0,0.0
336,2016-01-31,5.37,0.0,0.0,3.9,,58,30,0.0,0.0,0.0
337,2016-02-01,7.16,0.1,0.0,2.0,49.0,59,39,1.0,0.0,0.0
338,2016-02-02,5.82,0.0,0.0,0.0,45.0,53,34,0.0,0.0,0.0
339,2016-02-03,8.5,0.46,0.0,0.0,48.0,62,34,1.0,0.0,0.0
340,2016-02-04,10.29,0.01,0.0,0.0,53.0,56,44,1.0,0.0,0.0
341,2016-02-05,11.18,0.4,1.2,1.2,41.0,44,33,1.0,0.0,0.0
342,2016-02-06,6.26,0.0,0.0,0.0,35.0,43,27,0.0,0.0,0.0
343,2016-02-07,6.26,0.0,0.0,0.0,37.0,46,28,0.0,0.0,0.0
344,2016-02-08,11.18,0.01,0.2,0.0,40.0,44,32,1.0,0.0,0.0
345,2016-02-09,7.61,0.05,0.3,0.0,34.0,37,32,1.0,0.0,0.0
346,2016-02-10,14.54,0.04,0.4,0.0,33.0,36,28,1.0,0.0,0.0
347,2016-02-11,17.67,0.0,0.0,0.0,26.0,28,21,0.0,0.0,0.0
348,2016-02-12,7.61,0.01,0.2,0.0,22.0,26,16,0.0,0.0,0.0
349,2016-02-13,17.67,0.0,0.0,0.0,21.0,24,14,0.0,0.0,0.0
350,2016-02-14,10.29,0.0,0.0,0.0,14.0,20,8,0.0,0.0,0.0
351,2016-02-15,6.93,0.4,1.0,0.0,20.0,33,17,1.0,0.0,1.0
352,2016-02-16,14.54,0.56,0.0,0.0,46.0,60,33,1.0,0.0,0.0
353,2016-02-17,10.29,0.0,0.0,0.0,39.0,43,34,0.0,0.0,0.0
354,2016-02-18,12.3,0.0,0.0,0.0,35.0,37,27,0.0,0.0,0.0
355,2016-02-19,8.05,0.0,0.0,0.0,30.0,40,22,0.0,0.0,0.0
356,2016-02-20,12.3,0.0,0.0,0.0,46.0,60,40,0.0,0.0,0.0
357,2016-02-21,6.71,0.03,0.0,0.0,49.0,61,38,1.0,0.0,0.0
358,2016-02-22,6.71,0.0,0.0,0.0,47.0,53,38,0.0,0.0,0.0
359,2016-02-23,12.3,0.28,0.0,0.0,40.0,43,37,1.0,0.0,0.0
360,2016-02-24,15.21,1.91,0.0,0.0,47.0,65,40,1.0,1.0,0.0
361,2016-02-25,21.47,0.09,0.0,0.0,54.0,62,40,0.0,0.0,0.0
362,2016-02-26,18.12,0.0,0.0,0.0,39.0,41,32,0.0,0.0,0.0
363,2016-02-27,10.51,0.0,0.0,0.0,35.0,44,27,0.0,0.0,0.0
364,2016-02-28,12.75,0.0,0.0,0.0,46.0,64,35,0.0,0.0,0.0
365,2016-02-29,13.65,0.01,0.0,0.0,53.0,64,43,0.0,0.0,0.0
366,2016-03-01,9.62,0.0,0.0,0.0,50.0,64,38,0.0,0.0,0.0
367,2016-03-02,19.69,0.26,0.0,0.0,49.0,61,32,0.0,0.0,0.0
368,2016-03-03,6.71,0.02,0.1,0.0,33.0,41,27,1.0,0.0,0.0
369,2016-03-04,11.41,0.06,0.9,0.0,35.0,41,31,1.0,0.0,0.0
370,2016-03-05,7.38,0.0,0.0,0.0,36.0,42,29,0.0,0.0,0.0
371,2016-03-06,3.13,0.0,0.0,0.0,39.0,47,33,0.0,0.0,0.0
372,2016-03-07,10.74,0.0,0.0,0.0,44.0,61,33,0.0,0.0,0.0
373,2016-03-08,5.82,0.0,0.0,0.0,58.0,75,44,0.0,0.0,0.0
374,2016-03-09,5.14,0.0,0.0,0.0,61.0,82,43,0.0,0.0,0.0
375,2016-03-10,11.18,0.0,0.0,0.0,67.0,82,57,0.0,0.0,0.0
376,2016-03-11,10.29,0.0,0.0,0.0,65.0,69,50,0.0,0.0,0.0
377,2016-03-12,6.49,0.0,0.0,0.0,53.0,61,41,0.0,0.0,0.0
378,2016-03-13,4.47,0.07,0.0,0.0,54.0,61,49,0.0,0.0,0.0
379,2016-03-14,14.32,1.02,0.0,0.0,48.0,50,45,1.0,0.0,0.0
380,2016-03-15,6.71,0.01,0.0,0.0,48.0,53,46,1.0,0.0,0.0
381,2016-03-16,4.92,0.01,0.0,0.0,54.0,71,41,1.0,1.0,0.0
382,2016-03-17,7.38,0.02,0.0,0.0,53.0,63,43,1.0,0.0,0.0
383,2016-03-18,13.87,0.0,0.0,0.0,56.0,64,47,0.0,0.0,0.0
384,2016-03-19,7.16,0.01,0.0,0.0,45.0,47,38,0.0,0.0,0.0
385,2016-03-20,11.18,0.07,0.0,0.0,40.0,43,35,1.0,0.0,1.0
386,2016-03-21,14.76,0.0,0.0,0.0,40.0,51,34,0.0,0.0,0.0
387,2016-03-22,11.41,0.0,0.0,0.0,45.0,58,33,0.0,0.0,0.0
388,2016-03-23,10.74,0.0,0.0,0.0,59.0,73,48,0.0,0.0,0.0
389,2016-03-24,9.62,0.0,0.0,0.0,57.0,69,47,0.0,0.0,0.0
390,2016-03-25,14.32,0.0,0.0,0.0,64.0,73,52,0.0,0.0,0.0
391,2016-03-26,9.17,0.0,0.0,0.0,50.0,60,38,0.0,0.0,0.0
392,2016-03-27,9.62,0.02,0.0,0.0,50.0,60,44,1.0,0.0,0.0
393,2016-03-28,16.11,0.44,0.0,0.0,52.0,70,47,1.0,0.0,0.0
394,2016-03-29,16.33,0.0,0.0,0.0,53.0,59,44,0.0,0.0,0.0
395,2016-03-30,9.4,0.0,0.0,0.0,48.0,59,37,0.0,0.0,0.0
396,2016-03-31,16.11,0.0,0.0,0.0,60.0,73,50,0.0,0.0,0.0
397,2016-04-01,13.87,0.05,0.0,0.0,71.0,80,65,0.0,1.0,0.0
398,2016-04-02,11.41,0.14,0.0,0.0,59.0,65,46,0.0,1.0,0.0
399,2016-04-03,20.8,0.0,0.0,0.0,44.0,47,36,0.0,0.0,0.0
400,2016-04-04,10.29,0.28,0.0,0.0,49.0,65,36,0.0,0.0,0.0
401,2016-04-05,14.99,0.0,0.0,0.0,38.0,45,30,0.0,0.0,0.0
402,2016-04-06,11.18,0.0,0.0,0.0,41.0,54,29,0.0,0.0,0.0
403,2016-04-07,15.43,0.19,0.0,0.0,56.0,62,48,0.0,0.0,0.0
404,2016-04-08,16.11,0.0,0.0,0.0,48.0,51,42,0.0,0.0,0.0
405,2016-04-09,10.07,0.39,0.3,0.0,40.0,43,35,1.0,0.0,0.0
406,2016-04-10,9.4,0.0,0.0,0.0,39.0,50,31,0.0,0.0,0.0
407,2016-04-11,13.87,0.0,0.0,0.0,52.0,69,44,0.0,0.0,0.0
408,2016-04-12,13.42,0.31,0.0,0.0,59.0,63,46,1.0,0.0,0.0
409,2016-04-13,8.05,0.0,0.0,0.0,50.0,58,40,0.0,0.0,0.0
410,2016-04-14,6.26,0.0,0.0,0.0,51.0,63,40,0.0,0.0,0.0
411,2016-04-15,5.37,0.0,0.0,0.0,52.0,65,41,0.0,0.0,0.0
412,2016-04-16,5.82,0.0,0.0,0.0,54.0,67,41,0.0,0.0,0.0
413,2016-04-17,5.59,0.0,0.0,0.0,57.0,73,44,0.0,0.0,0.0
414,2016-04-18,6.04,0.0,0.0,0.0,65.0,82,47,0.0,0.0,0.0
415,2016-04-19,13.42,0.0,0.0,0.0,66.0,78,54,0.0,0.0,0.0
416,2016-04-20,7.83,0.0,0.0,0.0,60.0,71,48,0.0,0.0,0.0
417,2016-04-21,9.62,0.0,0.0,0.0,59.0,73,46,0.0,0.0,0.0
418,2016-04-22,10.29,0.0,0.0,0.0,69.0,78,61,0.0,0.0,0.0
419,2016-04-23,12.08,0.11,0.0,0.0,65.0,70,52,1.0,0.0,0.0
420,2016-04-24,8.95,0.0,0.0,0.0,57.0,70,46,0.0,0.0,0.0
421,2016-04-25,5.82,0.0,0.0,0.0,61.0,77,48,0.0,1.0,0.0
422,2016-04-26,12.08,0.19,0.0,0.0,69.0,86,51,1.0,1.0,0.0
423,2016-04-27,6.93,0.0,0.0,0.0,53.0,55,50,1.0,0.0,0.0
424,2016-04-28,7.61,0.09,0.0,0.0,52.0,56,45,1.0,0.0,0.0
425,2016-04-29,9.17,0.0,0.0,0.0,48.0,53,45,1.0,0.0,0.0
426,2016-04-30,6.71,0.0,0.0,0.0,53.0,64,47,0.0,0.0,0.0
427,2016-05-01,6.04,0.61,0.0,0.0,51.0,54,47,1.0,0.0,0.0
428,2016-05-02,5.14,0.27,0.0,0.0,53.0,65,48,1.0,1.0,0.0
429,2016-05-03,8.95,0.34,0.0,0.0,58.0,59,52,1.0,0.0,0.0
430,2016-05-04,9.62,0.02,0.0,0.0,53.0,54,51,1.0,0.0,0.0
431,2016-05-05,11.18,0.0,0.0,0.0,53.0,58,50,1.0,0.0,0.0
432,2016-05-06,11.41,1.15,0.0,0.0,53.0,56,50,1.0,0.0,0.0
433,2016-05-07,6.04,0.08,0.0,0.0,55.0,63,51,1.0,0.0,0.0
434,2016-05-08,10.51,0.05,0.0,0.0,60.0,71,51,0.0,0.0,0.0
435,2016-05-09,11.41,0.0,0.0,0.0,61.0,71,50,0.0,0.0,0.0
436,2016-05-10,5.59,0.02,0.0,0.0,57.0,60,51,0.0,0.0,0.0
437,2016-05-11,3.8,0.0,0.0,0.0,58.0,66,52,1.0,0.0,0.0
438,2016-05-12,6.26,0.0,0.0,0.0,65.0,76,56,1.0,0.0,0.0
439,2016-05-13,6.71,0.2,0.0,0.0,65.0,70,60,1.0,0.0,0.0
440,2016-05-14,9.4,0.1,0.0,0.0,64.0,76,54,1.0,0.0,0.0
441,2016-05-15,16.78,0.0,0.0,0.0,55.0,59,46,0.0,0.0,0.0
442,2016-05-16,14.54,0.0,0.0,0.0,53.0,67,42,0.0,0.0,0.0
443,2016-05-17,5.14,0.12,0.0,0.0,57.0,62,52,1.0,0.0,0.0
444,2016-05-18,6.71,0.0,0.0,0.0,58.0,69,52,1.0,0.0,0.0
445,2016-05-19,5.14,0.0,0.0,0.0,62.0,73,54,0.0,0.0,0.0
446,2016-05-20,4.47,0.0,0.0,0.0,65.0,76,53,0.0,0.0,0.0
447,2016-05-21,9.62,1.96,0.0,0.0,59.0,62,53,1.0,0.0,0.0
448,2016-05-22,6.49,0.11,0.0,0.0,57.0,66,52,0.0,0.0,0.0
449,2016-05-23,4.47,0.08,0.0,0.0,64.0,76,55,1.0,1.0,0.0
450,2016-05-24,8.72,0.03,0.0,0.0,67.0,83,56,0.0,0.0,0.0
451,2016-05-25,7.83,0.0,0.0,0.0,74.0,88,57,0.0,0.0,0.0
452,2016-05-26,6.49,0.0,0.0,0.0,76.0,90,63,0.0,0.0,0.0
453,2016-05-27,8.72,0.0,0.0,0.0,79.0,90,69,0.0,0.0,0.0
454,2016-05-28,8.95,0.0,0.0,0.0,78.0,90,68,0.0,0.0,0.0
455,2016-05-29,6.93,0.59,0.0,0.0,76.0,87,66,1.0,0.0,0.0
456,2016-05-30,6.26,0.92,0.0,0.0,74.0,79,69,1.0,0.0,0.0
457,2016-05-31,6.71,0.0,0.0,0.0,77.0,88,70,0.0,0.0,0.0
458,2016-06-01,5.59,0.0,0.0,0.0,77.0,90,67,0.0,0.0,0.0
459,2016-06-02,7.16,0.0,0.0,0.0,72.0,84,62,1.0,0.0,0.0
460,2016-06-03,4.92,0.12,0.0,0.0,69.0,76,65,1.0,0.0,0.0
461,2016-06-04,6.04,0.0,0.0,0.0,73.0,83,67,1.0,0.0,0.0
462,2016-06-05,9.62,0.44,0.0,0.0,74.0,84,68,1.0,1.0,0.0
463,2016-06-06,12.3,0.0,0.0,0.0,75.0,86,68,0.0,0.0,0.0
464,2016-06-07,9.17,0.0,0.0,0.0,77.0,83,67,0.0,1.0,0.0
465,2016-06-08,15.21,0.13,0.0,0.0,66.0,73,58,1.0,1.0,0.0
466,2016-06-09,13.42,0.0,0.0,0.0,65.0,77,53,0.0,0.0,0.0
467,2016-06-10,10.29,0.0,0.0,0.0,69.0,78,60,0.0,0.0,0.0
468,2016-06-11,10.07,0.0,0.0,0.0,74.0,92,59,0.0,0.0,0.0
469,2016-06-12,17.22,0.0,0.0,0.0,84.0,90,66,0.0,0.0,0.0
470,2016-06-13,12.3,0.0,0.0,0.0,69.0,78,61,0.0,0.0,0.0
471,2016-06-14,10.07,0.0,0.0,0.0,71.0,78,62,0.0,0.0,0.0
472,2016-06-15,6.71,0.01,0.0,0.0,72.0,80,61,0.0,0.0,0.0
473,2016-06-16,4.92,0.38,0.0,0.0,68.0,70,64,1.0,1.0,0.0
474,2016-06-17,7.61,0.0,0.0,0.0,72.0,84,63,0.0,0.0,0.0
475,2016-06-18,5.37,0.0,0.0,0.0,72.0,85,59,0.0,0.0,0.0
476,2016-06-19,7.61,0.0,0.0,0.0,77.0,91,65,0.0,0.0,0.0
477,2016-06-20,7.16,0.0,0.0,0.0,80.0,91,66,0.0,0.0,0.0
478,2016-06-21,10.51,0.0,0.0,0.0,80.0,88,72,0.0,0.0,0.0
479,2016-06-22,11.41,0.0,0.0,0.0,78.0,87,71,1.0,0.0,0.0
480,2016-06-23,7.61,0.16,0.0,0.0,77.0,85,70,1.0,0.0,0.0
481,2016-06-24,8.72,0.0,0.0,0.0,76.0,82,67,0.0,0.0,0.0
482,2016-06-25,6.93,0.0,0.0,0.0,75.0,88,65,1.0,0.0,0.0
483,2016-06-26,6.04,0.0,0.0,0.0,75.0,87,64,0.0,0.0,0.0
484,2016-06-27,7.83,0.56,0.0,0.0,74.0,86,64,1.0,0.0,0.0
485,2016-06-28,5.82,0.07,0.0,0.0,75.0,84,71,1.0,0.0,0.0
486,2016-06-29,8.72,0.0,0.0,0.0,77.0,85,69,0.0,0.0,0.0
487,2016-06-30,8.28,0.0,0.0,0.0,77.0,86,66,0.0,0.0,0.0
488,2016-07-01,7.38,0.0,0.0,0.0,77.0,87,70,0.0,1.0,0.0
489,2016-07-02,12.3,0.0,0.0,0.0,75.0,80,70,0.0,0.0,0.0
490,2016-07-03,7.16,0.0,0.0,0.0,73.0,78,67,0.0,0.0,0.0
491,2016-07-04,7.61,0.29,0.0,0.0,73.0,80,67,1.0,0.0,0.0
492,2016-07-05,9.84,0.08,0.0,0.0,78.0,89,74,0.0,0.0,0.0
493,2016-07-06,6.93,0.0,0.0,0.0,85.0,95,75,0.0,0.0,0.0
494,2016-07-07,8.05,0.0,0.0,0.0,85.0,94,75,1.0,0.0,0.0
495,2016-07-08,7.61,0.0,0.0,0.0,86.0,94,75,0.0,0.0,0.0
496,2016-07-09,7.16,0.01,0.0,0.0,75.0,79,73,0.0,1.0,0.0
497,2016-07-10,10.51,0.0,0.0,0.0,77.0,85,69,0.0,0.0,0.0
498,2016-07-11,6.71,0.0,0.0,0.0,76.0,86,65,0.0,0.0,0.0
499,2016-07-12,7.61,0.0,0.0,0.0,77.0,89,67,0.0,0.0,0.0
500,2016-07-13,5.59,0.12,0.0,0.0,76.0,84,71,1.0,0.0,0.0
501,2016-07-14,10.51,0.03,0.0,0.0,82.0,96,75,1.0,0.0,0.0
502,2016-07-15,9.84,0.0,0.0,0.0,86.0,92,78,0.0,0.0,0.0
503,2016-07-16,6.93,0.1,0.0,0.0,84.0,94,73,0.0,1.0,0.0
504,2016-07-17,7.61,0.0,0.0,0.0,80.0,92,73,0.0,0.0,0.0
505,2016-07-18,10.74,0.58,0.0,0.0,83.0,96,74,1.0,1.0,0.0
506,2016-07-19,7.38,0.0,0.0,0.0,79.0,89,72,0.0,0.0,0.0
507,2016-07-20,7.38,0.0,0.0,0.0,79.0,87,70,0.0,0.0,0.0
508,2016-07-21,8.05,0.0,0.0,0.0,80.0,89,69,0.0,0.0,0.0
509,2016-07-22,12.08,0.0,0.0,0.0,82.0,94,73,0.0,0.0,0.0
510,2016-07-23,9.84,0.0,0.0,0.0,86.0,97,77,0.0,1.0,0.0
511,2016-07-24,6.71,0.0,0.0,0.0,84.0,95,74,0.0,0.0,0.0
512,2016-07-25,9.17,1.68,0.0,0.0,85.0,97,74,1.0,1.0,0.0
513,2016-07-26,9.17,0.0,0.0,0.0,81.0,92,74,1.0,0.0,0.0
514,2016-07-27,6.04,0.0,0.0,0.0,85.0,94,77,0.0,0.0,0.0
515,2016-07-28,4.7,0.33,0.0,0.0,83.0,95,74,1.0,1.0,0.0
516,2016-07-29,8.5,0.39,0.0,0.0,79.0,89,73,1.0,0.0,0.0
517,2016-07-30,6.71,0.27,0.0,0.0,80.0,88,74,1.0,0.0,0.0
518,2016-07-31,6.71,0.0,0.0,0.0,80.0,90,75,0.0,0.0,0.0
519,2016-08-01,7.38,0.0,0.0,0.0,77.0,80,73,0.0,0.0,0.0
520,2016-08-02,8.05,0.0,0.0,0.0,76.0,84,68,0.0,0.0,0.0
521,2016-08-03,6.93,0.0,0.0,0.0,74.0,85,66,0.0,0.0,0.0
522,2016-08-04,5.37,0.0,0.0,0.0,75.0,86,66,0.0,0.0,0.0
523,2016-08-05,7.83,0.0,0.0,0.0,76.0,85,68,0.0,0.0,0.0
524,2016-08-06,9.17,0.0,0.0,0.0,81.0,91,76,0.0,0.0,0.0
525,2016-08-07,7.61,0.0,0.0,0.0,81.0,89,71,0.0,0.0,0.0
526,2016-08-08,5.14,0.0,0.0,0.0,80.0,85,73,0.0,0.0,0.0
527,2016-08-09,6.04,0.0,0.0,0.0,79.0,89,68,0.0,0.0,0.0
528,2016-08-10,12.08,0.0,0.0,0.0,83.0,93,76,0.0,0.0,0.0
529,2016-08-11,10.96,0.31,0.0,0.0,86.0,95,79,0.0,1.0,0.0
530,2016-08-12,11.63,0.0,0.0,0.0,88.0,97,81,0.0,1.0,0.0
531,2016-08-13,9.62,0.0,0.0,0.0,89.0,98,82,0.0,0.0,0.0
532,2016-08-14,10.74,0.03,0.0,0.0,90.0,97,77,0.0,0.0,0.0
533,2016-08-15,7.16,0.0,0.0,0.0,85.0,94,76,0.0,0.0,0.0
534,2016-08-16,10.29,0.0,0.0,0.0,84.0,94,77,1.0,1.0,0.0
535,2016-08-17,9.62,0.57,0.0,0.0,85.0,91,76,1.0,1.0,0.0
536,2016-08-18,6.71,0.19,0.0,0.0,81.0,88,73,1.0,1.0,0.0
537,2016-08-19,5.14,0.0,0.0,0.0,81.0,90,73,0.0,0.0,0.0
538,2016-08-20,6.04,0.0,0.0,0.0,82.0,93,73,0.0,0.0,0.0
539,2016-08-21,6.71,0.6,0.0,0.0,79.0,89,73,1.0,0.0,0.0
540,2016-08-22,11.18,0.0,0.0,0.0,76.0,83,66,0.0,0.0,0.0
541,2016-08-23,5.82,0.0,0.0,0.0,73.0,83,62,0.0,0.0,0.0
542,2016-08-24,8.28,0.0,0.0,0.0,76.0,86,68,0.0,0.0,0.0
543,2016-08-25,10.07,0.0,0.0,0.0,77.0,87,69,0.0,0.0,0.0
544,2016-08-26,10.07,0.0,0.0,0.0,83.0,93,75,0.0,0.0,0.0
545,2016-08-27,7.16,0.0,0.0,0.0,83.0,93,72,0.0,0.0,0.0
546,2016-08-28,4.92,0.0,0.0,0.0,79.0,90,70,0.0,0.0,0.0
547,2016-08-29,8.28,0.0,0.0,0.0,82.0,93,73,0.0,0.0,0.0
548,2016-08-30,6.26,0.0,0.0,0.0,81.0,90,71,0.0,0.0,0.0
549,2016-08-31,7.38,0.0,0.0,0.0,80.0,91,72,1.0,0.0,0.0
550,2016-09-01,7.16,0.47,0.0,0.0,77.0,81,70,1.0,1.0,0.0
551,2016-09-02,7.83,0.0,0.0,0.0,73.0,83,64,0.0,0.0,0.0
552,2016-09-03,11.86,0.0,0.0,0.0,72.0,79,67,0.0,0.0,0.0
553,2016-09-04,8.28,0.0,0.0,0.0,72.0,82,63,0.0,0.0,0.0
554,2016-09-05,7.16,0.0,0.0,0.0,73.0,86,63,0.0,0.0,0.0
555,2016-09-06,16.11,0.0,0.0,0.0,80.0,88,72,0.0,0.0,0.0
556,2016-09-07,8.28,0.0,0.0,0.0,81.0,91,72,0.0,0.0,0.0
557,2016-09-08,7.83,0.0,0.0,0.0,81.0,95,71,0.0,0.0,0.0
558,2016-09-09,8.28,0.0,0.0,0.0,87.0,95,80,0.0,0.0,0.0
559,2016-09-10,9.17,0.0,0.0,0.0,85.0,95,77,1.0,0.0,0.0
560,2016-09-11,12.08,0.0,0.0,0.0,81.0,85,70,0.0,0.0,0.0
561,2016-09-12,6.04,0.0,0.0,0.0,73.0,84,62,0.0,0.0,0.0
562,2016-09-13,7.16,0.0,0.0,0.0,73.0,85,62,0.0,0.0,0.0
563,2016-09-14,8.72,0.0,0.0,0.0,78.0,92,68,0.0,0.0,0.0
564,2016-09-15,9.17,0.0,0.0,0.0,74.0,80,62,0.0,0.0,0.0
565,2016-09-16,7.16,0.0,0.0,0.0,68.0,80,59,0.0,0.0,0.0
566,2016-09-17,7.61,0.0,0.0,0.0,69.0,83,59,0.0,0.0,0.0
567,2016-09-18,8.5,0.0,0.0,0.0,76.0,87,70,0.0,0.0,0.0
568,2016-09-19,4.47,1.29,0.0,0.0,74.0,76,70,1.0,1.0,0.0
569,2016-09-20,4.47,0.0,0.0,0.0,74.0,82,69,1.0,0.0,0.0
570,2016-09-21,5.37,0.0,0.0,0.0,76.0,86,68,0.0,0.0,0.0
571,2016-09-22,5.14,0.0,0.0,0.0,75.0,87,62,0.0,0.0,0.0
572,2016-09-23,5.14,0.0,0.0,0.0,74.0,89,63,0.0,0.0,0.0
573,2016-09-24,7.61,0.0,0.0,0.0,70.0,73,59,0.0,0.0,0.0
574,2016-09-25,6.93,0.0,0.0,0.0,64.0,74,53,0.0,0.0,0.0
575,2016-09-26,6.71,0.0,0.0,0.0,64.0,73,53,0.0,0.0,0.0
576,2016-09-27,6.71,0.12,0.0,0.0,70.0,76,60,1.0,0.0,0.0
577,2016-09-28,10.96,0.09,0.0,0.0,65.0,72,58,1.0,0.0,0.0
578,2016-09-29,17.22,0.78,0.0,0.0,63.0,65,60,1.0,0.0,0.0
579,2016-09-30,14.99,0.77,0.0,0.0,60.0,63,57,0.0,0.0,0.0
580,2016-10-01,10.74,0.0,0.0,0.0,61.0,65,58,1.0,0.0,0.0
581,2016-10-02,5.14,0.02,0.0,0.0,63.0,67,60,1.0,0.0,0.0
582,2016-10-03,4.7,0.0,0.0,0.0,67.0,76,61,1.0,0.0,0.0
583,2016-10-04,7.83,0.0,0.0,0.0,64.0,68,58,1.0,0.0,0.0
584,2016-10-05,8.5,0.0,0.0,0.0,62.0,71,55,0.0,0.0,0.0
585,2016-10-06,4.47,0.0,0.0,0.0,63.0,76,56,0.0,0.0,0.0
586,2016-10-07,6.26,0.0,0.0,0.0,64.0,78,54,0.0,0.0,0.0
587,2016-10-08,5.37,0.26,0.0,0.0,63.0,67,59,1.0,0.0,0.0
588,2016-10-09,17.0,0.89,0.0,0.0,61.0,65,52,1.0,0.0,0.0
589,2016-10-10,12.97,0.0,0.0,0.0,56.0,65,47,0.0,0.0,0.0
590,2016-10-11,4.92,0.0,0.0,0.0,55.0,67,45,0.0,0.0,0.0
591,2016-10-12,2.46,0.0,0.0,0.0,58.0,72,48,0.0,0.0,0.0
592,2016-10-13,6.26,0.0,0.0,0.0,60.0,68,52,1.0,0.0,0.0
593,2016-10-14,5.59,0.0,0.0,0.0,57.0,65,48,0.0,0.0,0.0
594,2016-10-15,4.03,0.0,0.0,0.0,56.0,68,44,0.0,0.0,0.0
595,2016-10-16,5.59,0.0,0.0,0.0,58.0,71,48,1.0,0.0,0.0
596,2016-10-17,6.04,0.0,0.0,0.0,67.0,82,58,1.0,0.0,0.0
597,2016-10-18,7.16,0.0,0.0,0.0,71.0,84,62,1.0,0.0,0.0
598,2016-10-19,7.38,0.0,0.0,0.0,75.0,86,66,0.0,0.0,0.0
599,2016-10-20,8.5,0.0,0.0,0.0,71.0,81,63,0.0,0.0,0.0
600,2016-10-21,9.62,0.0,0.0,0.0,71.0,80,56,1.0,0.0,0.0
601,2016-10-22,16.55,0.19,0.0,0.0,55.0,56,49,0.0,0.0,0.0
602,2016-10-23,14.32,0.0,0.0,0.0,54.0,66,47,0.0,0.0,0.0
603,2016-10-24,12.08,0.0,0.0,0.0,60.0,65,51,0.0,0.0,0.0
604,2016-10-25,11.63,0.0,0.0,0.0,52.0,56,41,0.0,0.0,0.0
605,2016-10-26,6.93,0.0,0.0,0.0,46.0,53,38,0.0,0.0,0.0
606,2016-10-27,9.62,0.48,0.0,0.0,50.0,61,45,1.0,0.0,0.0
607,2016-10-28,12.08,0.0,0.0,0.0,54.0,57,43,0.0,0.0,0.0
608,2016-10-29,8.28,0.0,0.0,0.0,52.0,69,40,0.0,0.0,0.0
609,2016-10-30,10.07,0.22,0.0,0.0,67.0,79,55,1.0,1.0,0.0
610,2016-10-31,10.51,0.0,0.0,0.0,54.0,57,44,0.0,0.0,0.0
611,2016-11-01,4.92,0.0,0.0,0.0,49.0,60,39,0.0,0.0,0.0
612,2016-11-02,6.26,0.0,0.0,0.0,58.0,70,51,0.0,0.0,0.0
613,2016-11-03,9.4,0.01,0.0,0.0,63.0,72,54,1.0,0.0,0.0
614,2016-11-04,10.74,0.0,0.0,0.0,57.0,62,45,0.0,0.0,0.0
615,2016-11-05,7.83,0.0,0.0,0.0,52.0,65,40,0.0,0.0,0.0
616,2016-11-06,13.42,0.0,0.0,0.0,56.0,63,45,0.0,0.0,0.0
617,2016-11-07,6.71,0.0,0.0,0.0,48.0,56,39,0.0,0.0,0.0
618,2016-11-08,5.37,0.0,0.0,0.0,52.0,69,39,0.0,0.0,0.0
619,2016-11-09,8.5,0.38,0.0,0.0,54.0,56,47,1.0,0.0,0.0
620,2016-11-10,9.4,0.0,0.0,0.0,49.0,58,40,0.0,0.0,0.0
621,2016-11-11,15.88,0.0,0.0,0.0,54.0,64,42,0.0,0.0,0.0
622,2016-11-12,7.61,0.0,0.0,0.0,44.0,51,35,0.0,0.0,0.0
623,2016-11-13,9.17,0.0,0.0,0.0,46.0,60,37,0.0,0.0,0.0
624,2016-11-14,4.92,0.0,0.0,0.0,47.0,60,35,0.0,0.0,0.0
625,2016-11-15,7.61,0.0,0.0,0.0,54.0,63,44,0.0,0.0,0.0
626,2016-11-16,8.05,0.0,0.0,0.0,51.0,62,40,0.0,0.0,0.0
627,2016-11-17,8.05,0.0,0.0,0.0,55.0,61,47,0.0,0.0,0.0
628,2016-11-18,2.91,0.0,0.0,0.0,53.0,70,42,0.0,0.0,0.0
629,2016-11-19,9.17,0.03,0.0,0.0,56.0,72,37,1.0,0.0,0.0
630,2016-11-20,23.71,0.0,0.0,0.0,42.0,44,39,0.0,0.0,0.0
631,2016-11-21,23.71,0.0,0.0,0.0,41.0,45,38,0.0,0.0,0.0
632,2016-11-22,12.53,0.0,0.0,0.0,42.0,48,35,0.0,0.0,0.0
633,2016-11-23,4.7,0.0,0.0,0.0,40.0,51,32,0.0,0.0,0.0
634,2016-11-24,4.92,0.0,0.0,0.0,47.0,55,40,0.0,0.0,0.0
635,2016-11-25,3.36,0.0,0.0,0.0,48.0,53,42,1.0,0.0,0.0
636,2016-11-26,10.96,0.0,0.0,0.0,48.0,50,39,1.0,0.0,0.0
637,2016-11-27,9.17,0.0,0.0,0.0,44.0,50,36,0.0,0.0,0.0
638,2016-11-28,5.59,0.0,0.0,0.0,43.0,53,32,0.0,0.0,0.0
639,2016-11-29,7.38,1.02,0.0,0.0,53.0,60,48,1.0,0.0,0.0
640,2016-11-30,5.82,0.73,0.0,0.0,58.0,61,55,1.0,0.0,0.0
641,2016-12-01,14.76,0.03,0.0,0.0,55.0,63,43,1.0,0.0,0.0
642,2016-12-02,15.88,0.0,0.0,0.0,45.0,51,40,0.0,0.0,0.0
643,2016-12-03,13.42,0.0,0.0,0.0,46.0,52,42,0.0,0.0,0.0
644,2016-12-04,6.93,0.0,0.0,0.0,45.0,48,41,0.0,0.0,0.0
645,2016-12-05,9.17,0.13,0.0,0.0,44.0,51,40,1.0,0.0,0.0
646,2016-12-06,9.84,0.74,0.0,0.0,42.0,46,37,1.0,0.0,1.0
647,2016-12-07,8.05,0.04,0.0,0.0,44.0,47,37,1.0,0.0,0.0
648,2016-12-08,11.86,0.0,0.0,0.0,40.0,46,32,0.0,0.0,0.0
649,2016-12-09,14.54,0.0,0.0,0.0,34.0,38,29,0.0,0.0,0.0
650,2016-12-10,10.29,0.0,0.0,0.0,33.0,38,26,0.0,0.0,0.0
651,2016-12-11,4.92,0.0,0.0,0.0,31.0,35,26,0.0,0.0,0.0
652,2016-12-12,8.95,0.42,0.0,0.0,41.0,50,35,1.0,0.0,0.0
653,2016-12-13,5.59,0.0,0.0,0.0,40.0,44,34,0.0,0.0,0.0
654,2016-12-14,8.28,0.0,0.0,0.0,39.0,43,34,1.0,0.0,0.0
655,2016-12-15,18.57,0.01,0.2,0.0,29.0,35,18,0.0,0.0,0.0
656,2016-12-16,9.62,0.0,0.0,0.0,20.0,26,16,0.0,0.0,0.0
657,2016-12-17,4.92,0.72,0.1,0.0,30.0,37,26,1.0,0.0,1.0
658,2016-12-18,14.32,0.02,0.0,0.0,47.0,60,34,1.0,1.0,0.0
659,2016-12-19,9.17,0.0,0.0,0.0,31.0,34,25,0.0,0.0,0.0
660,2016-12-20,4.7,0.0,0.0,0.0,27.0,34,20,0.0,0.0,0.0
661,2016-12-21,6.71,0.0,0.0,0.0,33.0,45,27,0.0,0.0,0.0
662,2016-12-22,10.07,0.0,0.0,0.0,40.0,53,30,0.0,0.0,0.0
663,2016-12-23,8.5,0.0,0.0,0.0,40.0,46,32,0.0,0.0,0.0
664,2016-12-24,8.05,0.39,0.0,0.0,41.0,47,38,1.0,0.0,0.0
665,2016-12-25,4.92,0.0,0.0,0.0,43.0,50,32,0.0,0.0,0.0
666,2016-12-26,6.71,0.0,0.0,0.0,39.0,50,32,1.0,0.0,0.0
667,2016-12-27,14.32,0.03,0.0,0.0,55.0,64,45,0.0,0.0,0.0
668,2016-12-28,8.5,0.0,0.0,0.0,44.0,46,31,0.0,0.0,0.0
669,2016-12-29,9.84,0.19,0.0,0.0,38.0,46,30,1.0,0.0,0.0
670,2016-12-30,16.33,0.0,0.0,0.0,38.0,42,32,0.0,0.0,0.0
671,2016-12-31,12.97,0.0,0.0,0.0,36.0,46,30,0.0,0.0,0.0
672,2017-01-01,8.72,0.0,0.0,0.0,45.0,51,33,0.0,0.0,0.0
673,2017-01-02,9.17,0.4,0.0,0.0,39.0,43,32,1.0,0.0,0.0
674,2017-01-03,9.84,0.32,0.0,0.0,43.0,48,41,1.0,0.0,0.0
675,2017-01-04,14.32,0.01,0.0,0.0,47.0,54,35,1.0,0.0,0.0
676,2017-01-05,9.62,0.02,0.9,0.0,33.0,35,28,1.0,0.0,0.0
677,2017-01-06,9.4,0.06,1.0,2.0,30.0,32,26,1.0,0.0,0.0
678,2017-01-07,12.97,0.14,3.0,2.0,24.0,26,20,1.0,0.0,0.0
679,2017-01-08,14.76,0.0,0.0,2.0,20.0,24,15,0.0,0.0,0.0
680,2017-01-09,7.38,0.0,0.0,2.0,19.0,23,12,0.0,0.0,0.0
681,2017-01-10,7.61,0.0,0.0,1.2,24.0,42,14,0.0,0.0,0.0
682,2017-01-11,8.28,0.37,0.0,0.0,44.0,54,40,1.0,0.0,0.0
683,2017-01-12,14.99,0.05,0.0,0.0,56.0,67,49,1.0,0.0,0.0
684,2017-01-13,12.97,0.0,0.0,0.0,53.0,61,35,0.0,0.0,0.0
685,2017-01-14,4.03,0.01,0.0,0.0,35.0,36,30,0.0,0.0,1.0
686,2017-01-15,8.05,0.0,0.0,0.0,35.0,41,31,0.0,0.0,0.0
687,2017-01-16,4.7,0.0,0.0,0.0,34.0,42,26,0.0,0.0,0.0
688,2017-01-17,3.13,0.15,0.0,0.0,40.0,45,38,1.0,0.0,0.0
689,2017-01-18,6.93,0.22,0.0,0.0,44.0,49,41,1.0,0.0,0.0
690,2017-01-19,6.04,0.0,0.0,0.0,46.0,49,37,0.0,0.0,0.0
691,2017-01-20,1.34,0.16,0.0,0.0,38.0,43,32,1.0,0.0,0.0
692,2017-01-21,3.36,0.0,0.0,0.0,44.0,47,42,1.0,0.0,0.0
693,2017-01-22,8.05,0.17,0.0,0.0,47.0,50,45,1.0,0.0,0.0
694,2017-01-23,22.37,0.6,0.0,0.0,43.0,46,38,1.0,0.0,0.0
695,2017-01-24,17.45,0.17,0.0,0.0,40.0,46,37,1.0,0.0,0.0
696,2017-01-25,10.51,0.0,0.0,0.0,46.0,54,41,0.0,0.0,0.0
697,2017-01-26,12.75,0.04,0.0,0.0,47.0,55,42,1.0,0.0,0.0
698,2017-01-27,18.34,0.0,0.0,0.0,42.0,44,35,0.0,0.0,0.0
699,2017-01-28,11.63,0.0,0.0,0.0,37.0,41,31,0.0,0.0,0.0
700,2017-01-29,7.83,0.0,0.0,0.0,37.0,44,31,0.0,0.0,0.0
701,2017-01-30,9.17,0.02,0.8,0.0,35.0,39,27,1.0,0.0,0.0
702,2017-01-31,5.59,0.0,0.0,0.0,31.0,43,26,0.0,0.0,0.0
703,2017-02-01,12.53,0.0,0.0,0.0,43.0,50,40,0.0,0.0,0.0
704,2017-02-02,10.74,0.0,0.0,0.0,42.0,48,34,0.0,0.0,0.0
705,2017-02-03,11.86,0.0,0.0,0.0,33.0,35,28,0.0,0.0,0.0
706,2017-02-04,11.63,0.0,0.0,0.0,29.0,36,22,0.0,0.0,0.0
707,2017-02-05,10.07,0.0,0.0,0.0,35.0,44,29,0.0,0.0,0.0
708,2017-02-06,8.5,0.0,0.0,0.0,43.0,54,36,0.0,0.0,0.0
709,2017-02-07,5.82,0.04,0.0,0.0,45.0,62,39,1.0,0.0,0.0
710,2017-02-08,11.86,0.0,0.0,0.0,58.0,66,47,0.0,0.0,0.0
711,2017-02-09,20.13,0.54,2.0,0.0,39.0,48,24,1.0,0.0,1.0
712,2017-02-10,12.08,0.0,0.0,0.0,27.0,34,22,0.0,0.0,0.0
713,2017-02-11,4.7,0.0,0.0,0.0,38.0,56,30,0.0,0.0,0.0
714,2017-02-12,10.51,0.21,0.0,0.0,42.0,45,35,1.0,0.0,0.0
715,2017-02-13,21.92,0.0,0.0,0.0,38.0,42,32,0.0,0.0,0.0
716,2017-02-14,8.5,0.0,0.0,0.0,35.0,47,28,0.0,0.0,0.0
717,2017-02-15,11.18,0.0,0.0,0.0,39.0,53,32,0.0,0.0,0.0
718,2017-02-16,15.88,0.0,0.0,0.0,36.0,39,31,0.0,0.0,0.0
719,2017-02-17,7.83,0.0,0.0,0.0,34.0,45,26,0.0,0.0,0.0
720,2017-02-18,7.61,0.0,0.0,0.0,44.0,68,29,0.0,0.0,0.0
721,2017-02-19,8.95,0.0,0.0,0.0,59.0,70,49,0.0,0.0,0.0
722,2017-02-20,11.18,0.0,0.0,0.0,53.0,58,41,0.0,0.0,0.0
723,2017-02-21,6.93,0.0,0.0,0.0,44.0,52,34,0.0,0.0,0.0
724,2017-02-22,4.25,0.0,0.0,0.0,47.0,58,41,0.0,0.0,0.0
725,2017-02-23,5.82,0.0,0.0,0.0,54.0,73,44,1.0,0.0,0.0
726,2017-02-24,8.95,0.0,0.0,0.0,62.0,74,50,0.0,0.0,0.0
727,2017-02-25,11.63,0.33,0.0,0.0,63.0,73,46,1.0,1.0,0.0
728,2017-02-26,14.99,0.0,0.0,0.0,43.0,46,34,0.0,0.0,0.0
729,2017-02-27,6.49,0.0,0.0,0.0,42.0,54,31,0.0,0.0,0.0
730,2017-02-28,5.37,0.18,0.0,0.0,53.0,68,42,1.0,0.0,0.0
731,2017-03-01,15.21,0.03,0.0,0.0,61.0,74,56,1.0,0.0,0.0
732,2017-03-02,22.82,0.0,0.0,0.0,53.0,62,38,0.0,0.0,0.0
733,2017-03-03,13.87,0.0,0.0,0.0,37.0,40,29,0.0,0.0,0.0
734,2017-03-04,14.99,0.0,0.0,0.0,30.0,36,21,0.0,0.0,0.0
735,2017-03-05,10.51,0.0,0.0,0.0,25.0,38,15,0.0,0.0,0.0
736,2017-03-06,5.14,0.0,0.0,0.0,37.0,51,26,0.0,0.0,0.0
737,2017-03-07,8.72,0.02,0.0,0.0,50.0,67,42,0.0,0.0,0.0
738,2017-03-08,17.0,0.01,0.0,0.0,58.0,64,49,0.0,0.0,0.0
739,2017-03-09,16.33,0.0,0.0,0.0,58.0,68,48,0.0,0.0,0.0
740,2017-03-10,14.99,0.3,1.0,0.0,44.0,50,28,1.0,0.0,0.0
741,2017-03-11,17.0,0.0,0.0,0.0,27.0,32,20,0.0,0.0,0.0
742,2017-03-12,11.63,0.0,0.0,0.0,28.0,33,23,0.0,0.0,0.0
743,2017-03-13,7.16,0.13,1.2,0.0,30.0,42,22,1.0,0.0,0.0
744,2017-03-14,22.59,1.54,4.8,3.1,32.0,35,24,1.0,0.0,1.0
745,2017-03-15,17.9,0.0,0.0,2.0,25.0,31,21,0.0,0.0,0.0
746,2017-03-16,15.66,0.0,0.0,2.0,31.0,39,24,0.0,0.0,0.0
747,2017-03-17,8.28,0.0,0.0,2.0,35.0,45,27,0.0,0.0,0.0
748,2017-03-18,9.62,0.01,0.0,0.0,40.0,42,36,1.0,0.0,0.0
749,2017-03-19,12.97,0.0,0.0,0.0,41.0,50,35,0.0,0.0,0.0
750,2017-03-20,8.28,0.0,0.0,0.0,43.0,54,34,0.0,0.0,0.0
751,2017-03-21,7.61,0.02,0.0,0.0,49.0,59,42,0.0,0.0,0.0
752,2017-03-22,18.12,0.0,0.0,0.0,45.0,53,27,0.0,0.0,0.0
753,2017-03-23,9.17,0.0,0.0,0.0,33.0,45,24,0.0,0.0,0.0
754,2017-03-24,10.96,0.0,0.0,0.0,43.0,58,32,0.0,0.0,0.0
755,2017-03-25,10.29,0.02,0.0,0.0,57.0,77,44,0.0,0.0,0.0
756,2017-03-26,12.3,0.0,0.0,0.0,45.0,45,41,1.0,0.0,0.0
757,2017-03-27,5.14,0.09,0.0,0.0,47.0,62,42,1.0,0.0,0.0
758,2017-03-28,7.16,0.45,0.0,0.0,52.0,54,48,1.0,1.0,0.0
759,2017-03-29,13.42,0.0,0.0,0.0,52.0,62,45,0.0,0.0,0.0
760,2017-03-30,7.38,0.11,0.0,0.0,46.0,52,37,1.0,1.0,0.0
761,2017-03-31,12.08,1.53,0.0,0.0,43.0,50,39,1.0,1.0,0.0
762,2017-04-01,13.42,0.0,0.0,0.0,45.0,53,39,1.0,0.0,0.0
763,2017-04-02,9.84,0.0,0.0,0.0,50.0,63,41,0.0,0.0,0.0
764,2017-04-03,7.38,0.23,0.0,0.0,54.0,68,43,1.0,0.0,0.0
765,2017-04-04,12.08,0.17,0.0,0.0,63.0,75,53,1.0,0.0,0.0
766,2017-04-05,9.4,0.0,0.0,0.0,64.0,69,50,0.0,0.0,0.0
767,2017-04-06,14.99,1.53,0.0,0.0,50.0,59,46,1.0,1.0,0.0
768,2017-04-07,19.01,0.0,0.0,0.0,48.0,51,42,0.0,0.0,0.0
769,2017-04-08,13.2,0.0,0.0,0.0,47.0,60,39,0.0,0.0,0.0
770,2017-04-09,6.71,0.0,0.0,0.0,54.0,69,37,0.0,0.0,0.0
771,2017-04-10,8.5,0.0,0.0,0.0,61.0,80,46,0.0,0.0,0.0
772,2017-04-11,7.61,0.0,0.0,0.0,68.0,82,54,0.0,0.0,0.0
773,2017-04-12,8.5,0.0,0.0,0.0,68.0,77,55,0.0,0.0,0.0
774,2017-04-13,10.74,0.0,0.0,0.0,60.0,66,48,0.0,0.0,0.0
775,2017-04-14,5.37,0.0,0.0,0.0,58.0,69,49,0.0,0.0,0.0
776,2017-04-15,4.7,0.0,0.0,0.0,56.0,66,46,0.0,0.0,0.0
777,2017-04-16,12.97,0.0,0.0,0.0,70.0,87,57,1.0,0.0,0.0
778,2017-04-17,7.83,0.06,0.0,0.0,70.0,72,60,0.0,0.0,0.0
779,2017-04-18,8.72,0.0,0.0,0.0,62.0,69,47,0.0,0.0,0.0
780,2017-04-19,8.28,0.0,0.0,0.0,53.0,63,45,0.0,0.0,0.0
781,2017-04-20,5.37,0.06,0.0,0.0,62.0,77,54,1.0,0.0,0.0
782,2017-04-21,7.61,0.31,0.0,0.0,57.0,63,52,1.0,1.0,0.0
783,2017-04-22,7.61,0.09,0.0,0.0,56.0,58,47,1.0,0.0,0.0
784,2017-04-23,6.93,0.0,0.0,0.0,54.0,66,46,0.0,0.0,0.0
785,2017-04-24,9.62,0.02,0.0,0.0,54.0,60,49,0.0,0.0,0.0
786,2017-04-25,16.55,0.6,0.0,0.0,54.0,57,52,1.0,0.0,0.0
787,2017-04-26,7.16,0.04,0.0,0.0,58.0,65,56,1.0,0.0,0.0
788,2017-04-27,5.37,0.0,0.0,0.0,67.0,81,60,0.0,0.0,0.0
789,2017-04-28,7.38,0.02,0.0,0.0,73.0,84,64,1.0,0.0,0.0
790,2017-04-29,8.05,0.02,0.0,0.0,75.0,88,66,1.0,1.0,0.0
791,2017-04-30,10.96,0.0,0.0,0.0,70.0,75,52,1.0,0.0,0.0
792,2017-05-01,12.08,0.0,0.0,0.0,63.0,83,52,1.0,0.0,0.0
793,2017-05-02,17.22,0.0,0.0,0.0,73.0,77,67,0.0,0.0,0.0
794,2017-05-03,14.54,0.0,0.0,0.0,64.0,67,53,0.0,0.0,0.0
795,2017-05-04,10.74,0.0,0.0,0.0,58.0,66,47,0.0,0.0,0.0
796,2017-05-05,11.18,1.47,0.0,0.0,60.0,70,53,1.0,1.0,0.0
797,2017-05-06,14.76,0.0,0.0,0.0,64.0,67,53,0.0,0.0,0.0
798,2017-05-07,12.08,0.03,0.0,0.0,53.0,57,47,0.0,0.0,0.0
799,2017-05-08,10.07,0.0,0.0,0.0,51.0,61,43,0.0,0.0,0.0
800,2017-05-09,6.93,0.0,0.0,0.0,55.0,64,45,0.0,0.0,0.0
801,2017-05-10,5.82,0.0,0.0,0.0,59.0,70,51,0.0,0.0,0.0
802,2017-05-11,6.93,0.0,0.0,0.0,56.0,62,50,0.0,0.0,0.0
803,2017-05-12,8.05,0.0,0.0,0.0,55.0,61,49,0.0,0.0,0.0
804,2017-05-13,13.2,1.79,0.0,0.0,51.0,54,49,1.0,0.0,0.0
805,2017-05-14,11.41,0.0,0.0,0.0,57.0,74,48,0.0,0.0,0.0
806,2017-05-15,14.99,0.0,0.0,0.0,62.0,73,51,0.0,0.0,0.0
807,2017-05-16,7.38,0.0,0.0,0.0,67.0,81,52,0.0,0.0,0.0
808,2017-05-17,6.93,0.0,0.0,0.0,73.0,91,58,0.0,0.0,0.0
809,2017-05-18,10.74,0.0,0.0,0.0,82.0,93,72,0.0,0.0,0.0
810,2017-05-19,12.3,0.0,0.0,0.0,83.0,93,72,0.0,0.0,0.0
811,2017-05-20,10.07,0.0,0.0,0.0,68.0,76,52,0.0,0.0,0.0
812,2017-05-21,8.5,0.0,0.0,0.0,61.0,73,50,0.0,0.0,0.0
813,2017-05-22,4.47,0.51,0.0,0.0,60.0,66,55,1.0,0.0,0.0
814,2017-05-23,6.49,0.0,0.0,0.0,64.0,68,60,1.0,0.0,0.0
815,2017-05-24,9.84,0.0,0.0,0.0,63.0,72,57,0.0,0.0,0.0
816,2017-05-25,11.18,2.29,0.0,0.0,60.0,68,55,1.0,1.0,0.0
817,2017-05-26,12.97,0.03,0.0,0.0,66.0,76,58,1.0,0.0,0.0
818,2017-05-27,8.5,0.0,0.0,0.0,68.0,73,59,0.0,0.0,0.0
819,2017-05-28,7.16,0.05,0.0,0.0,68.0,77,60,1.0,0.0,0.0
820,2017-05-29,8.5,0.1,0.0,0.0,61.0,64,57,1.0,0.0,0.0
821,2017-05-30,6.49,0.06,0.0,0.0,59.0,62,57,1.0,0.0,0.0
822,2017-05-31,6.71,0.0,0.0,0.0,67.0,80,61,1.0,0.0,0.0
823,2017-06-01,9.4,0.0,0.0,0.0,72.0,82,63,0.0,0.0,0.0
824,2017-06-02,8.05,0.0,0.0,0.0,71.0,80,59,0.0,0.0,0.0
825,2017-06-03,6.49,0.01,0.0,0.0,67.0,76,58,0.0,0.0,0.0
826,2017-06-04,4.47,0.0,0.0,0.0,69.0,82,56,0.0,0.0,0.0
827,2017-06-05,3.8,0.02,0.0,0.0,70.0,74,64,1.0,0.0,0.0
828,2017-06-06,9.62,0.23,0.0,0.0,65.0,69,56,1.0,0.0,0.0
829,2017-06-07,6.71,0.0,0.0,0.0,59.0,67,54,0.0,0.0,0.0
830,2017-06-08,5.14,0.0,0.0,0.0,63.0,72,54,0.0,0.0,0.0
831,2017-06-09,7.83,0.0,0.0,0.0,66.0,83,53,0.0,0.0,0.0
832,2017-06-10,9.17,0.0,0.0,0.0,76.0,88,65,0.0,0.0,0.0
833,2017-06-11,9.17,0.0,0.0,0.0,81.0,94,68,0.0,0.0,0.0
834,2017-06-12,8.95,0.0,0.0,0.0,83.0,94,71,0.0,0.0,0.0
835,2017-06-13,8.28,0.0,0.0,0.0,85.0,96,73,0.0,0.0,0.0
836,2017-06-14,7.38,0.0,0.0,0.0,81.0,85,67,0.0,1.0,0.0
837,2017-06-15,8.28,0.0,0.0,0.0,73.0,83,62,0.0,0.0,0.0
838,2017-06-16,7.16,0.0,0.0,0.0,72.0,82,65,0.0,0.0,0.0
839,2017-06-17,5.82,0.09,0.0,0.0,74.0,85,69,1.0,0.0,0.0
840,2017-06-18,11.86,0.0,0.0,0.0,80.0,90,74,0.0,0.0,0.0
841,2017-06-19,13.87,0.56,0.0,0.0,83.0,90,71,1.0,1.0,0.0
842,2017-06-20,13.65,0.0,0.0,0.0,78.0,88,72,0.0,0.0,0.0
843,2017-06-21,9.4,0.01,0.0,0.0,79.0,87,70,0.0,1.0,0.0
844,2017-06-22,7.61,0.0,0.0,0.0,78.0,89,69,0.0,0.0,0.0
845,2017-06-23,14.76,0.02,0.0,0.0,81.0,89,75,1.0,0.0,0.0
846,2017-06-24,12.97,0.67,0.0,0.0,82.0,88,72,1.0,1.0,0.0
847,2017-06-25,8.5,0.0,0.0,0.0,79.0,86,69,0.0,0.0,0.0
848,2017-06-26,7.61,0.0,0.0,0.0,76.0,82,64,0.0,0.0,0.0
849,2017-06-27,8.5,0.25,0.0,0.0,72.0,80,61,1.0,1.0,0.0
850,2017-06-28,9.17,0.0,0.0,0.0,71.0,81,62,0.0,0.0,0.0
851,2017-06-29,12.75,0.0,0.0,0.0,76.0,88,66,0.0,0.0,0.0
852,2017-06-30,12.53,0.0,0.0,0.0,81.0,93,73,0.0,0.0,0.0
853,2017-07-01,11.18,0.63,0.0,0.0,82.0,89,73,1.0,1.0,0.0
854,2017-07-02,7.61,0.0,0.0,0.0,80.0,91,72,1.0,0.0,0.0
855,2017-07-03,7.16,0.0,0.0,0.0,83.0,91,72,0.0,0.0,0.0
856,2017-07-04,5.37,0.33,0.0,0.0,82.0,90,71,1.0,1.0,0.0
857,2017-07-05,7.16,0.0,0.0,0.0,76.0,84,70,0.0,0.0,0.0
858,2017-07-06,8.05,0.26,0.0,0.0,73.0,75,70,1.0,0.0,0.0
859,2017-07-07,7.83,0.51,0.0,0.0,75.0,86,71,1.0,0.0,0.0
860,2017-07-08,9.62,0.01,0.0,0.0,78.0,87,70,1.0,0.0,0.0
861,2017-07-09,7.83,0.0,0.0,0.0,77.0,83,69,0.0,0.0,0.0
862,2017-07-10,7.16,0.0,0.0,0.0,78.0,89,66,0.0,0.0,0.0
863,2017-07-11,10.51,0.0,0.0,0.0,82.0,91,76,0.0,0.0,0.0
864,2017-07-12,11.63,0.0,0.0,0.0,84.0,91,75,0.0,0.0,0.0
865,2017-07-13,8.05,0.0,0.0,0.0,86.0,94,76,0.0,0.0,0.0
866,2017-07-14,5.37,0.41,0.0,0.0,76.0,79,73,1.0,1.0,0.0
867,2017-07-15,6.49,0.01,0.0,0.0,78.0,87,73,1.0,0.0,0.0
868,2017-07-16,6.49,0.0,0.0,0.0,78.0,87,69,0.0,0.0,0.0
869,2017-07-17,5.37,0.01,0.0,0.0,79.0,89,71,0.0,1.0,0.0
870,2017-07-18,5.14,0.0,0.0,0.0,80.0,91,72,0.0,0.0,0.0
871,2017-07-19,7.38,0.0,0.0,0.0,83.0,96,76,0.0,0.0,0.0
872,2017-07-20,8.95,0.0,0.0,0.0,86.0,95,79,0.0,0.0,0.0
873,2017-07-21,7.16,0.0,0.0,0.0,86.0,93,79,0.0,0.0,0.0
874,2017-07-22,7.16,0.0,0.0,0.0,86.0,93,79,0.0,1.0,0.0
875,2017-07-23,9.17,0.31,0.0,0.0,81.0,89,72,1.0,1.0,0.0
876,2017-07-24,8.05,2.46,0.0,0.0,77.0,88,70,1.0,1.0,0.0
877,2017-07-25,6.26,0.01,0.0,0.0,72.0,79,66,1.0,0.0,0.0
878,2017-07-26,6.71,0.0,0.0,0.0,73.0,82,67,0.0,0.0,0.0
879,2017-07-27,5.82,0.0,0.0,0.0,73.0,82,67,0.0,0.0,0.0
880,2017-07-28,6.26,0.01,0.0,0.0,78.0,87,71,1.0,0.0,0.0
881,2017-07-29,15.21,0.39,0.0,0.0,73.0,79,65,1.0,0.0,0.0
882,2017-07-30,7.61,0.0,0.0,0.0,73.0,83,62,0.0,0.0,0.0
883,2017-07-31,5.82,0.0,0.0,0.0,76.0,89,64,0.0,0.0,0.0
884,2017-08-01,6.04,0.0,0.0,0.0,82.0,91,71,0.0,1.0,0.0
885,2017-08-02,5.14,1.37,0.0,0.0,78.0,89,69,1.0,1.0,0.0
886,2017-08-03,4.25,0.0,0.0,0.0,75.0,87,67,0.0,0.0,0.0
887,2017-08-04,8.28,0.0,0.0,0.0,79.0,88,72,0.0,1.0,0.0
888,2017-08-05,10.29,0.84,0.0,0.0,75.0,79,68,1.0,1.0,0.0
889,2017-08-06,5.59,0.0,0.0,0.0,72.0,78,63,0.0,0.0,0.0
890,2017-08-07,7.83,0.54,0.0,0.0,70.0,72,66,1.0,0.0,0.0
891,2017-08-08,7.61,0.0,0.0,0.0,71.0,80,66,0.0,0.0,0.0
892,2017-08-09,4.7,0.0,0.0,0.0,75.0,86,64,0.0,0.0,0.0
893,2017-08-10,4.25,0.0,0.0,0.0,76.0,86,67,0.0,0.0,0.0
894,2017-08-11,6.71,0.04,0.0,0.0,76.0,84,68,0.0,0.0,0.0
895,2017-08-12,4.7,0.06,0.0,0.0,75.0,83,70,0.0,0.0,0.0
896,2017-08-13,7.16,0.0,0.0,0.0,77.0,84,70,0.0,0.0,0.0
897,2017-08-14,3.13,0.0,0.0,0.0,76.0,82,67,0.0,0.0,0.0
898,2017-08-15,3.13,0.14,0.0,0.0,75.0,78,72,1.0,0.0,0.0
899,2017-08-16,4.7,0.0,0.0,0.0,78.0,89,69,1.0,0.0,0.0
900,2017-08-17,5.82,0.0,0.0,0.0,79.0,90,69,0.0,0.0,0.0
901,2017-08-18,8.28,0.16,0.0,0.0,80.0,91,75,1.0,1.0,0.0
902,2017-08-19,8.5,0.0,0.0,0.0,80.0,88,73,0.0,0.0,0.0
903,2017-08-20,7.38,0.0,0.0,0.0,78.0,85,68,0.0,0.0,0.0
904,2017-08-21,5.14,0.0,0.0,0.0,78.0,87,67,0.0,0.0,0.0
905,2017-08-22,13.2,2.06,0.0,0.0,82.0,92,73,1.0,1.0,0.0
906,2017-08-23,8.95,0.1,0.0,0.0,79.0,84,68,1.0,0.0,0.0
907,2017-08-24,7.61,0.0,0.0,0.0,74.0,82,65,0.0,0.0,0.0
908,2017-08-25,7.38,0.0,0.0,0.0,72.0,79,65,0.0,0.0,0.0
909,2017-08-26,6.49,0.0,0.0,0.0,73.0,81,65,0.0,0.0,0.0
910,2017-08-27,6.26,0.0,0.0,0.0,71.0,79,62,0.0,0.0,0.0
911,2017-08-28,10.29,0.0,0.0,0.0,69.0,77,60,0.0,0.0,0.0
912,2017-08-29,11.41,0.74,0.0,0.0,66.0,67,62,1.0,0.0,0.0
913,2017-08-30,8.72,0.0,0.0,0.0,67.0,78,60,0.0,0.0,0.0
914,2017-08-31,9.4,0.0,0.0,0.0,74.0,84,66,0.0,0.0,0.0
915,2017-09-01,8.72,0.0,0.0,0.0,66.0,69,57,0.0,0.0,0.0
916,2017-09-02,8.72,0.48,0.0,0.0,62.0,66,57,1.0,0.0,0.0
917,2017-09-03,8.95,0.01,0.0,0.0,66.0,74,62,1.0,0.0,0.0
918,2017-09-04,10.51,0.0,0.0,0.0,71.0,83,61,0.0,0.0,0.0
919,2017-09-05,10.07,0.11,0.0,0.0,76.0,88,69,1.0,0.0,0.0
920,2017-09-06,7.38,0.54,0.0,0.0,68.0,71,61,1.0,1.0,0.0
921,2017-09-07,10.51,0.03,0.0,0.0,65.0,74,58,1.0,0.0,0.0
922,2017-09-08,8.95,0.0,0.0,0.0,65.0,73,58,0.0,0.0,0.0
923,2017-09-09,9.84,0.0,0.0,0.0,63.0,71,55,0.0,0.0,0.0
924,2017-09-10,8.5,0.0,0.0,0.0,63.0,75,54,0.0,0.0,0.0
925,2017-09-11,4.47,0.0,0.0,0.0,66.0,76,55,0.0,0.0,0.0
926,2017-09-12,4.03,0.0,0.0,0.0,69.0,79,61,0.0,0.0,0.0
927,2017-09-13,2.68,0.04,0.0,0.0,69.0,75,64,1.0,0.0,0.0
928,2017-09-14,7.83,0.0,0.0,0.0,74.0,84,69,1.0,0.0,0.0
929,2017-09-15,5.37,0.0,0.0,0.0,75.0,84,66,0.0,0.0,0.0
930,2017-09-16,4.03,2.58,0.0,0.0,77.0,87,68,1.0,0.0,0.0
931,2017-09-17,5.82,0.0,0.0,0.0,73.0,82,68,1.0,0.0,0.0
932,2017-09-18,9.62,0.0,0.0,0.0,72.0,81,67,0.0,0.0,0.0
933,2017-09-19,13.2,0.07,0.0,0.0,74.0,80,70,1.0,0.0,0.0
934,2017-09-20,10.51,0.0,0.0,0.0,76.0,86,70,0.0,0.0,0.0
935,2017-09-21,6.93,0.0,0.0,0.0,78.0,88,70,0.0,0.0,0.0
936,2017-09-22,8.72,0.0,0.0,0.0,75.0,83,69,0.0,0.0,0.0
937,2017-09-23,6.71,0.0,0.0,0.0,77.0,88,67,0.0,0.0,0.0
938,2017-09-24,5.37,0.0,0.0,0.0,79.0,92,69,0.0,0.0,0.0
939,2017-09-25,4.03,0.0,0.0,0.0,79.0,91,68,0.0,0.0,0.0
940,2017-09-26,7.16,0.0,0.0,0.0,74.0,85,67,0.0,0.0,0.0
941,2017-09-27,9.17,0.0,0.0,0.0,78.0,89,70,0.0,0.0,0.0
942,2017-09-28,15.21,0.0,0.0,0.0,75.0,78,60,0.0,0.0,0.0
943,2017-09-29,7.61,0.0,0.0,0.0,63.0,71,54,0.0,0.0,0.0
944,2017-09-30,13.2,0.0,0.0,0.0,62.0,66,53,0.0,0.0,0.0
945,2017-10-01,6.49,0.0,0.0,0.0,58.0,69,49,0.0,0.0,0.0
946,2017-10-02,3.13,0.0,0.0,0.0,63.0,75,51,0.0,0.0,0.0
947,2017-10-03,4.7,0.0,0.0,0.0,63.0,75,52,0.0,0.0,0.0
948,2017-10-04,7.61,0.0,0.0,0.0,64.0,76,54,0.0,0.0,0.0
949,2017-10-05,10.51,0.0,0.0,0.0,70.0,82,62,0.0,0.0,0.0
950,2017-10-06,4.7,0.0,0.0,0.0,73.0,82,67,0.0,0.0,0.0
951,2017-10-07,9.4,0.0,0.0,0.0,74.0,84,65,0.0,0.0,0.0
952,2017-10-08,10.29,0.02,0.0,0.0,76.0,81,74,1.0,0.0,0.0
953,2017-10-09,11.63,0.66,0.0,0.0,76.0,81,74,1.0,0.0,0.0
954,2017-10-10,5.82,0.0,0.0,0.0,77.0,84,69,0.0,0.0,0.0
955,2017-10-11,9.4,0.0,0.0,0.0,72.0,79,67,0.0,0.0,0.0
956,2017-10-12,12.97,0.2,0.0,0.0,63.0,67,57,1.0,0.0,0.0
957,2017-10-13,9.62,0.01,0.0,0.0,60.0,66,57,1.0,0.0,0.0
958,2017-10-14,5.37,0.0,0.0,0.0,65.0,73,61,1.0,0.0,0.0
959,2017-10-15,9.17,0.01,0.0,0.0,68.0,72,65,1.0,0.0,0.0
960,2017-10-16,11.63,0.06,0.0,0.0,63.0,71,48,0.0,0.0,0.0
961,2017-10-17,6.93,0.0,0.0,0.0,51.0,61,42,0.0,0.0,0.0
962,2017-10-18,6.49,0.0,0.0,0.0,57.0,72,48,0.0,0.0,0.0
963,2017-10-19,9.17,0.0,0.0,0.0,60.0,72,51,0.0,0.0,0.0
964,2017-10-20,6.93,0.0,0.0,0.0,64.0,74,55,0.0,0.0,0.0
965,2017-10-21,2.24,0.0,0.0,0.0,63.0,79,49,0.0,0.0,0.0
966,2017-10-22,2.46,0.0,0.0,0.0,62.0,76,51,1.0,0.0,0.0
967,2017-10-23,8.5,0.0,0.0,0.0,66.0,77,59,1.0,0.0,0.0
968,2017-10-24,12.53,0.33,0.0,0.0,72.0,75,62,1.0,0.0,0.0
969,2017-10-25,8.5,0.0,0.0,0.0,62.0,66,52,0.0,0.0,0.0
970,2017-10-26,11.18,0.0,0.0,0.0,54.0,58,47,0.0,0.0,0.0
971,2017-10-27,5.14,0.0,0.0,0.0,54.0,65,44,0.0,0.0,0.0
972,2017-10-28,7.83,0.0,0.0,0.0,59.0,70,49,0.0,0.0,0.0
973,2017-10-29,8.95,1.96,0.0,0.0,63.0,67,57,1.0,0.0,0.0
974,2017-10-30,17.67,0.41,0.0,0.0,55.0,57,46,1.0,0.0,0.0
975,2017-10-31,10.74,0.0,0.0,0.0,53.0,60,43,0.0,0.0,0.0
976,2017-11-01,6.04,0.0,0.0,0.0,51.0,64,40,0.0,0.0,0.0
977,2017-11-02,5.59,0.0,0.0,0.0,64.0,75,53,1.0,0.0,0.0
978,2017-11-03,8.95,0.0,0.0,0.0,65.0,73,52,1.0,0.0,0.0
979,2017-11-04,8.28,0.03,0.0,0.0,53.0,59,44,0.0,0.0,0.0
980,2017-11-05,5.59,0.13,0.0,0.0,57.0,68,51,1.0,0.0,0.0
981,2017-11-06,12.53,0.0,0.0,0.0,64.0,70,47,0.0,0.0,0.0
982,2017-11-07,11.41,0.4,0.0,0.0,47.0,49,42,1.0,0.0,0.0
983,2017-11-08,8.72,0.01,0.0,0.0,44.0,52,41,0.0,0.0,0.0
984,2017-11-09,6.93,0.01,0.0,0.0,50.0,59,45,1.0,0.0,0.0
985,2017-11-10,16.11,0.0,0.0,0.0,45.0,52,25,0.0,0.0,0.0
986,2017-11-11,5.82,0.0,0.0,0.0,30.0,40,23,0.0,0.0,0.0
987,2017-11-12,1.12,0.0,0.0,0.0,38.0,47,31,0.0,0.0,0.0
988,2017-11-13,7.61,0.24,0.0,0.0,42.0,45,38,1.0,0.0,0.0
989,2017-11-14,7.38,0.0,0.0,0.0,43.0,50,36,1.0,0.0,0.0
990,2017-11-15,6.49,0.0,0.0,0.0,45.0,53,36,0.0,0.0,0.0
991,2017-11-16,12.53,0.01,0.0,0.0,51.0,60,44,0.0,0.0,0.0
992,2017-11-17,11.86,0.0,0.0,0.0,46.0,51,37,0.0,0.0,0.0
993,2017-11-18,8.72,0.03,0.0,0.0,44.0,61,34,0.0,0.0,0.0
994,2017-11-19,19.91,0.33,0.0,0.0,55.0,62,40,1.0,0.0,0.0
995,2017-11-20,14.09,0.0,0.0,0.0,43.0,48,37,0.0,0.0,0.0
996,2017-11-21,10.74,0.0,0.0,0.0,47.0,59,40,0.0,0.0,0.0
997,2017-11-22,11.18,0.09,0.0,0.0,53.0,57,35,1.0,0.0,0.0
998,2017-11-23,6.71,0.0,0.0,0.0,38.0,42,31,0.0,0.0,0.0
999,2017-11-24,5.82,0.0,0.0,0.0,40.0,51,30,0.0,0.0,0.0
1000,2017-11-25,6.93,0.0,0.0,0.0,45.0,58,35,0.0,0.0,0.0
1001,2017-11-26,10.96,0.0,0.0,0.0,48.0,53,37,0.0,0.0,0.0
1002,2017-11-27,9.17,0.0,0.0,0.0,45.0,54,38,0.0,0.0,0.0
1003,2017-11-28,7.16,0.0,0.0,0.0,47.0,61,34,0.0,0.0,0.0
1004,2017-11-29,10.51,0.0,0.0,0.0,53.0,64,43,1.0,0.0,0.0
1005,2017-11-30,5.37,0.02,0.0,0.0,46.0,56,37,0.0,0.0,0.0
1006,2017-12-01,7.83,0.0,0.0,0.0,49.0,54,40,0.0,0.0,0.0
1007,2017-12-02,2.46,0.0,0.0,0.0,43.0,52,33,0.0,0.0,0.0
1008,2017-12-03,2.91,0.0,0.0,0.0,44.0,52,36,1.0,0.0,0.0
1009,2017-12-04,2.46,0.0,0.0,0.0,42.0,54,32,1.0,0.0,0.0
1010,2017-12-05,9.4,0.16,0.0,0.0,53.0,63,46,1.0,0.0,0.0
1011,2017-12-06,13.42,0.0,0.0,0.0,49.0,58,40,0.0,0.0,0.0
1012,2017-12-07,11.41,0.0,0.0,0.0,42.0,47,37,0.0,0.0,0.0
1013,2017-12-08,5.82,0.0,0.0,0.0,38.0,42,34,0.0,0.0,0.0
1014,2017-12-09,6.93,0.37,4.1,0.0,34.0,37,30,1.0,0.0,0.0
1015,2017-12-10,12.53,0.0,0.0,3.9,33.0,40,28,1.0,0.0,0.0
1016,2017-12-11,8.05,0.0,0.0,2.0,37.0,42,34,0.0,0.0,0.0
1017,2017-12-12,13.2,0.0,0.0,0.0,41.0,46,24,0.0,0.0,0.0
1018,2017-12-13,17.0,0.06,1.4,0.0,27.0,31,21,1.0,0.0,0.0
1019,2017-12-14,8.72,0.0,0.0,1.2,31.0,37,25,1.0,0.0,0.0
1020,2017-12-15,4.7,0.16,2.2,0.0,26.0,29,22,1.0,0.0,0.0
1021,2017-12-16,11.63,0.0,0.0,2.0,30.0,42,21,0.0,0.0,0.0
1022,2017-12-17,4.25,0.0,0.0,0.0,38.0,44,30,0.0,0.0,0.0
1023,2017-12-18,5.37,0.0,0.0,0.0,42.0,50,37,1.0,0.0,0.0
1024,2017-12-19,10.51,0.0,0.0,0.0,49.0,58,41,0.0,0.0,0.0
1025,2017-12-20,10.96,0.0,0.0,0.0,46.0,50,34,0.0,0.0,0.0
1026,2017-12-21,4.92,0.0,0.0,0.0,37.0,43,30,0.0,0.0,0.0
1027,2017-12-22,3.36,0.0,0.0,0.0,39.0,51,33,0.0,0.0,0.0
1028,2017-12-23,10.07,0.37,0.0,0.0,49.0,61,42,1.0,0.0,0.0
1029,2017-12-24,9.62,0.13,0.0,0.0,42.0,43,37,1.0,0.0,0.0
1030,2017-12-25,18.57,0.02,0.0,0.0,36.0,40,29,1.0,0.0,0.0
1031,2017-12-26,13.42,0.0,0.0,0.0,29.0,33,26,0.0,0.0,0.0
1032,2017-12-27,10.07,0.0,0.0,0.0,25.0,27,19,0.0,0.0,0.0
1033,2017-12-28,11.86,0.0,0.0,0.0,18.0,22,14,0.0,0.0,0.0
1034,2017-12-29,7.61,0.0,0.0,0.0,18.0,25,13,0.0,0.0,0.0
1035,2017-12-30,7.16,0.04,0.9,0.0,21.0,28,18,0.0,0.0,0.0
1036,2017-12-31,12.3,0.0,0.0,1.2,18.0,20,9,0.0,0.0,0.0
1037,2018-01-01,10.51,0.0,0.0,1.2,13.0,20,6,0.0,0.0,0.0
1038,2018-01-02,13.2,0.0,0.0,0.0,18.0,24,12,0.0,0.0,0.0
1039,2018-01-03,4.7,0.0,0.0,0.0,22.0,33,13,0.0,0.0,0.0
1040,2018-01-04,20.8,0.25,4.1,0.0,25.0,29,16,1.0,0.0,0.0
1041,2018-01-05,21.7,0.0,0.0,3.1,16.0,17,11,0.0,0.0,0.0
1042,2018-01-06,17.0,0.0,0.0,3.1,12.0,16,7,0.0,0.0,0.0
1043,2018-01-07,8.95,0.0,0.0,2.0,12.0,19,4,0.0,0.0,0.0
1044,2018-01-08,10.51,0.06,0.0,0.0,22.0,33,16,1.0,0.0,0.0
1045,2018-01-09,7.16,0.0,0.0,0.0,34.0,45,25,1.0,0.0,0.0
1046,2018-01-10,2.24,0.0,0.0,0.0,35.0,44,24,0.0,0.0,0.0
1047,2018-01-11,3.8,0.0,0.0,0.0,45.0,59,39,0.0,0.0,0.0
1048,2018-01-12,11.41,1.42,0.0,0.0,59.0,64,53,1.0,0.0,0.0
1049,2018-01-13,19.01,0.05,0.0,0.0,46.0,61,19,1.0,0.0,0.0
1050,2018-01-14,12.08,0.0,0.0,0.0,20.0,27,14,0.0,0.0,0.0
1051,2018-01-15,9.62,0.0,0.0,0.0,24.0,34,17,0.0,0.0,0.0
1052,2018-01-16,4.25,0.0,0.0,0.0,34.0,45,29,0.0,0.0,0.0
1053,2018-01-17,12.08,0.07,0.2,0.0,33.0,40,21,1.0,0.0,0.0
1054,2018-01-18,8.05,0.0,0.0,0.0,25.0,36,18,0.0,0.0,0.0
1055,2018-01-19,9.17,0.0,0.0,0.0,33.0,46,23,0.0,0.0,0.0
1056,2018-01-20,10.07,0.0,0.0,0.0,41.0,57,29,0.0,0.0,0.0
1057,2018-01-21,3.58,0.0,0.0,0.0,41.0,53,30,0.0,0.0,0.0
1058,2018-01-22,3.13,0.0,0.0,0.0,48.0,62,42,0.0,0.0,0.0
1059,2018-01-23,11.18,0.46,0.0,0.0,54.0,62,43,1.0,1.0,0.0
1060,2018-01-24,14.54,0.0,0.0,0.0,44.0,45,35,0.0,0.0,0.0
1061,2018-01-25,10.51,0.0,0.0,0.0,33.0,37,27,0.0,0.0,0.0
1062,2018-01-26,5.37,0.0,0.0,0.0,32.0,42,24,0.0,0.0,0.0
1063,2018-01-27,10.51,0.0,0.0,0.0,40.0,59,27,0.0,0.0,0.0
1064,2018-01-28,5.82,0.4,0.0,0.0,52.0,56,46,1.0,0.0,0.0
1065,2018-01-29,11.63,0.0,0.0,0.0,44.0,47,38,0.0,0.0,0.0
1066,2018-01-30,9.84,0.14,0.3,0.0,35.0,38,22,1.0,0.0,0.0
1067,2018-01-31,10.51,0.0,0.0,0.0,24.0,33,18,0.0,0.0,0.0
1068,2018-02-01,7.38,0.03,0.0,0.0,37.0,47,32,0.0,0.0,0.0
1069,2018-02-02,16.55,0.17,0.0,0.0,34.0,40,20,1.0,0.0,0.0
1070,2018-02-03,11.63,0.0,0.0,0.0,23.0,31,17,0.0,0.0,0.0
1071,2018-02-04,6.93,0.86,0.0,0.0,33.0,38,30,1.0,0.0,1.0
1072,2018-02-05,11.86,0.0,0.0,0.0,34.0,38,25,1.0,0.0,0.0
1073,2018-02-06,5.37,0.0,0.0,0.0,31.0,38,25,0.0,0.0,0.0
1074,2018-02-07,8.72,0.82,0.2,0.0,34.0,50,25,1.0,0.0,1.0
1075,2018-02-08,11.63,0.0,0.0,0.0,33.0,36,27,0.0,0.0,0.0
1076,2018-02-09,6.04,0.0,0.0,0.0,30.0,39,23,0.0,0.0,0.0
1077,2018-02-10,2.91,0.41,0.0,0.0,39.0,50,32,1.0,0.0,0.0
1078,2018-02-11,7.61,1.68,0.0,0.0,53.0,65,47,1.0,1.0,0.0
1079,2018-02-12,12.53,0.0,0.0,0.0,53.0,61,35,1.0,0.0,0.0
1080,2018-02-13,7.61,0.0,0.0,0.0,35.0,43,27,0.0,0.0,0.0
1081,2018-02-14,9.17,0.05,0.0,0.0,40.0,52,35,0.0,0.0,0.0
1082,2018-02-15,7.38,0.25,0.0,0.0,49.0,61,42,1.0,0.0,0.0
1083,2018-02-16,10.51,0.33,0.0,0.0,55.0,60,38,1.0,0.0,0.0
1084,2018-02-17,8.28,0.4,1.2,0.0,37.0,42,28,1.0,0.0,0.0
1085,2018-02-18,8.72,0.0,0.0,1.2,37.0,46,33,1.0,0.0,0.0
1086,2018-02-19,5.37,0.0,0.0,0.0,41.0,49,33,1.0,0.0,0.0
1087,2018-02-20,9.4,0.0,0.0,0.0,54.0,72,47,1.0,0.0,0.0
1088,2018-02-21,11.86,0.01,0.0,0.0,64.0,77,51,1.0,0.0,0.0
1089,2018-02-22,13.42,0.06,0.0,0.0,53.0,58,38,1.0,0.0,0.0
1090,2018-02-23,7.38,0.23,0.0,0.0,40.0,45,37,1.0,0.0,0.0
1091,2018-02-24,5.82,0.06,0.0,0.0,45.0,50,44,1.0,0.0,0.0
1092,2018-02-25,6.49,0.66,0.0,0.0,46.0,48,43,1.0,0.0,0.0
1093,2018-02-26,6.93,0.0,0.0,0.0,47.0,51,37,1.0,0.0,0.0
1094,2018-02-27,6.71,0.0,0.0,0.0,45.0,56,33,0.0,0.0,0.0
1095,2018-02-28,9.62,0.0,0.0,0.0,48.0,61,38,0.0,0.0,0.0
1096,2018-03-01,5.59,0.56,0.0,0.0,51.0,58,42,1.0,0.0,0.0
1097,2018-03-02,26.62,0.86,1.5,0.0,40.0,45,32,1.0,0.0,0.0
1098,2018-03-03,23.26,0.0,0.0,1.2,38.0,46,35,0.0,0.0,0.0
1099,2018-03-04,18.79,0.0,0.0,0.0,40.0,48,31,0.0,0.0,0.0
1100,2018-03-05,14.76,0.0,0.0,0.0,36.0,47,30,0.0,0.0,0.0
1101,2018-03-06,7.16,0.23,0.1,0.0,38.0,48,29,1.0,0.0,0.0
1102,2018-03-07,12.97,1.28,6.0,0.0,35.0,36,32,1.0,0.0,1.0
1103,2018-03-08,11.63,0.0,0.0,3.9,36.0,40,31,0.0,0.0,0.0
1104,2018-03-09,18.12,0.0,0.0,3.1,35.0,42,30,0.0,0.0,0.0
1105,2018-03-10,12.08,0.0,0.0,2.0,36.0,44,29,0.0,0.0,0.0
1106,2018-03-11,6.93,0.0,0.0,1.2,36.0,46,28,0.0,0.0,0.0
1107,2018-03-12,12.3,0.06,0.0,0.0,36.0,43,29,0.0,0.0,0.0
1108,2018-03-13,16.55,0.03,0.0,0.0,36.0,42,32,1.0,0.0,0.0
1109,2018-03-14,19.46,0.0,0.0,0.0,35.0,41,29,0.0,0.0,0.0
1110,2018-03-15,15.21,0.0,0.0,0.0,37.0,46,32,0.0,0.0,0.0
1111,2018-03-16,15.88,0.0,0.0,0.0,37.0,42,31,0.0,0.0,0.0
1112,2018-03-17,12.97,0.0,0.0,0.0,37.0,48,28,0.0,0.0,0.0
1113,2018-03-18,7.16,0.0,0.0,0.0,40.0,50,31,0.0,0.0,0.0
1114,2018-03-19,7.38,0.0,0.0,0.0,42.0,52,33,0.0,0.0,0.0
1115,2018-03-20,14.09,0.4,0.9,0.0,34.0,35,29,1.0,0.0,1.0
1116,2018-03-21,15.88,1.06,6.7,1.2,33.0,36,31,1.0,0.0,1.0
1117,2018-03-22,14.32,0.0,0.0,5.9,37.0,48,33,1.0,0.0,0.0
1118,2018-03-23,12.08,0.0,0.0,1.2,41.0,48,35,0.0,0.0,0.0
1119,2018-03-24,10.74,0.0,0.0,0.0,41.0,49,33,0.0,0.0,0.0
1120,2018-03-25,11.63,0.0,0.0,0.0,39.0,47,32,0.0,0.0,0.0
1121,2018-03-26,8.05,0.0,0.0,0.0,39.0,49,30,0.0,0.0,0.0
1122,2018-03-27,4.92,0.0,0.0,0.0,38.0,47,31,0.0,0.0,0.0
1123,2018-03-28,4.03,0.02,0.0,0.0,43.0,50,38,1.0,0.0,0.0
1124,2018-03-29,4.92,0.08,0.0,0.0,54.0,74,46,1.0,0.0,0.0
1125,2018-03-30,14.32,0.16,0.0,0.0,60.0,70,44,1.0,1.0,0.0
1126,2018-03-31,9.62,0.0,0.0,0.0,47.0,57,38,0.0,0.0,0.0
1127,2018-04-01,10.29,0.0,0.0,0.0,51.0,62,44,0.0,0.0,0.0
1128,2018-04-02,9.4,0.12,0.0,0.0,43.0,49,34,1.0,0.0,1.0
1129,2018-04-03,5.59,0.08,0.0,0.0,41.0,47,37,1.0,0.0,0.0
1130,2018-04-04,15.66,0.06,0.0,0.0,50.0,67,39,1.0,0.0,0.0
1131,2018-04-05,13.65,0.0,0.0,0.0,41.0,47,36,0.0,0.0,0.0
1132,2018-04-06,10.74,0.03,0.0,0.0,47.0,64,39,0.0,0.0,0.0
1133,2018-04-07,11.63,0.0,0.0,0.0,48.0,58,39,0.0,0.0,0.0
1134,2018-04-08,13.42,0.0,0.0,0.0,40.0,46,31,0.0,0.0,0.0
1135,2018-04-09,6.93,0.0,0.0,0.0,38.0,45,32,0.0,0.0,0.0
1136,2018-04-10,9.17,0.0,0.0,0.0,42.0,50,35,1.0,0.0,0.0
1137,2018-04-11,6.71,0.0,0.0,0.0,44.0,53,29,0.0,0.0,0.0
1138,2018-04-12,10.07,0.0,0.0,0.0,53.0,71,42,0.0,0.0,0.0
1139,2018-04-13,14.76,0.0,0.0,0.0,68.0,84,59,0.0,0.0,0.0
1140,2018-04-14,12.75,0.0,0.0,0.0,72.0,83,48,0.0,0.0,0.0
1141,2018-04-15,20.58,0.56,0.0,0.0,47.0,49,40,1.0,0.0,0.0
1142,2018-04-16,17.0,2.28,0.0,0.0,50.0,66,41,1.0,1.0,0.0
1143,2018-04-17,14.99,0.0,0.0,0.0,44.0,46,38,0.0,0.0,0.0
1144,2018-04-18,10.51,0.0,0.0,0.0,44.0,56,36,0.0,0.0,0.0
1145,2018-04-19,13.2,0.0,0.0,0.0,49.0,51,41,0.0,0.0,0.0
1146,2018-04-20,14.76,0.0,0.0,0.0,44.0,54,36,0.0,0.0,0.0
1147,2018-04-21,6.71,0.0,0.0,0.0,48.0,60,36,0.0,0.0,0.0
1148,2018-04-22,5.14,0.0,0.0,0.0,54.0,66,40,0.0,0.0,0.0
1149,2018-04-23,5.82,0.0,0.0,0.0,56.0,70,43,0.0,0.0,0.0
1150,2018-04-24,10.29,0.11,0.0,0.0,54.0,64,41,1.0,0.0,0.0
1151,2018-04-25,8.95,0.16,0.0,0.0,58.0,68,53,1.0,0.0,0.0
1152,2018-04-26,10.51,0.0,0.0,0.0,60.0,67,51,0.0,0.0,0.0
1153,2018-04-27,4.92,0.25,0.0,0.0,57.0,59,50,1.0,0.0,0.0
1154,2018-04-28,6.04,0.14,0.0,0.0,58.0,74,46,1.0,0.0,0.0
1155,2018-04-29,13.87,0.15,0.0,0.0,52.0,56,45,1.0,0.0,0.0
1156,2018-04-30,11.63,0.0,0.0,0.0,52.0,68,44,0.0,0.0,0.0
1157,2018-05-01,9.84,0.0,0.0,0.0,60.0,79,43,0.0,0.0,0.0
1158,2018-05-02,10.29,0.0,0.0,0.0,72.0,88,55,0.0,0.0,0.0
1159,2018-05-03,12.75,0.0,0.0,0.0,77.0,91,63,0.0,0.0,0.0
1160,2018-05-04,9.62,0.0,0.0,0.0,77.0,89,65,0.0,0.0,0.0
1161,2018-05-05,8.95,0.0,0.0,0.0,71.0,75,61,0.0,0.0,0.0
1162,2018-05-06,8.28,0.0,0.0,0.0,64.0,70,58,0.0,0.0,0.0
1163,2018-05-07,6.93,0.0,0.0,0.0,63.0,75,55,0.0,0.0,0.0
1164,2018-05-08,6.26,0.0,0.0,0.0,64.0,77,51,0.0,0.0,0.0
1165,2018-05-09,5.82,0.0,0.0,0.0,65.0,79,52,0.0,0.0,0.0
1166,2018-05-10,8.28,0.0,0.0,0.0,63.0,80,49,1.0,1.0,0.0
1167,2018-05-11,6.93,0.0,0.0,0.0,70.0,77,59,0.0,0.0,0.0
1168,2018-05-12,8.05,1.49,0.0,0.0,63.0,72,53,1.0,1.0,0.0
1169,2018-05-13,8.05,0.49,0.0,0.0,56.0,57,53,1.0,1.0,0.0
1170,2018-05-14,5.59,0.0,0.0,0.0,59.0,75,53,1.0,0.0,0.0
1171,2018-05-15,9.62,0.55,0.0,0.0,73.0,89,63,1.0,1.0,0.0
1172,2018-05-16,8.5,0.25,0.0,0.0,65.0,68,58,1.0,0.0,0.0
1173,2018-05-17,5.37,0.36,0.0,0.0,61.0,68,57,1.0,0.0,0.0
1174,2018-05-18,12.97,0.02,0.0,0.0,63.0,65,51,1.0,0.0,0.0
1175,2018-05-19,8.5,0.74,0.0,0.0,55.0,69,50,1.0,0.0,0.0
1176,2018-05-20,12.75,0.01,0.0,0.0,73.0,84,68,0.0,0.0,0.0
1177,2018-05-21,6.93,0.0,0.0,0.0,71.0,79,61,0.0,0.0,0.0
1178,2018-05-22,3.8,0.35,0.0,0.0,63.0,66,59,1.0,0.0,0.0
1179,2018-05-23,9.17,0.0,0.0,0.0,69.0,80,61,1.0,0.0,0.0
1180,2018-05-24,8.72,0.0,0.0,0.0,73.0,84,63,0.0,0.0,0.0
1181,2018-05-25,10.74,0.0,0.0,0.0,73.0,86,61,0.0,0.0,0.0
1182,2018-05-26,7.61,0.85,0.0,0.0,78.0,89,69,0.0,1.0,0.0
1183,2018-05-27,9.84,0.08,0.0,0.0,71.0,77,58,1.0,1.0,0.0
1184,2018-05-28,6.04,0.0,0.0,0.0,61.0,71,57,1.0,0.0,0.0
1185,2018-05-29,5.59,0.0,0.0,0.0,70.0,82,63,1.0,0.0,0.0
1186,2018-05-30,6.71,0.0,0.0,0.0,72.0,81,63,1.0,0.0,0.0
1187,2018-05-31,5.82,0.02,0.0,0.0,69.0,82,62,1.0,0.0,0.0
1188,2018-06-01,5.59,0.06,0.0,0.0,76.0,85,70,1.0,0.0,0.0
1189,2018-06-02,6.49,0.25,0.0,0.0,78.0,87,71,1.0,1.0,0.0
1190,2018-06-03,14.76,0.61,0.0,0.0,65.0,71,53,1.0,0.0,0.0
1191,2018-06-04,9.84,0.24,0.0,0.0,60.0,74,52,1.0,0.0,0.0
1192,2018-06-05,11.63,0.0,0.0,0.0,69.0,80,57,0.0,1.0,0.0
1193,2018-06-06,6.26,0.0,0.0,0.0,66.0,72,59,0.0,0.0,0.0
1194,2018-06-07,5.82,0.0,0.0,0.0,67.0,76,60,0.0,0.0,0.0
1195,2018-06-08,7.16,0.0,0.0,0.0,70.0,82,59,0.0,0.0,0.0
1196,2018-06-09,4.92,0.01,0.0,0.0,74.0,85,66,1.0,0.0,0.0
1197,2018-06-10,9.4,0.77,0.0,0.0,69.0,73,56,1.0,0.0,0.0
1198,2018-06-11,9.84,0.69,0.0,0.0,61.0,70,55,1.0,0.0,0.0
1199,2018-06-12,6.71,0.0,0.0,0.0,64.0,76,53,0.0,0.0,0.0
1200,2018-06-13,9.62,0.0,0.0,0.0,71.0,81,65,0.0,0.0,0.0
1201,2018-06-14,12.3,0.0,0.0,0.0,78.0,86,70,0.0,0.0,0.0
1202,2018-06-15,8.95,0.0,0.0,0.0,73.0,80,63,0.0,0.0,0.0
1203,2018-06-16,4.25,0.0,0.0,0.0,73.0,84,59,0.0,0.0,0.0
1204,2018-06-17,4.47,0.0,0.0,0.0,78.0,90,65,0.0,0.0,0.0
1205,2018-06-18,9.84,0.0,0.0,0.0,80.0,93,69,0.0,0.0,0.0
1206,2018-06-19,9.62,0.0,0.0,0.0,83.0,88,74,0.0,0.0,0.0
1207,2018-06-20,6.26,0.29,0.0,0.0,78.0,86,69,1.0,0.0,0.0
1208,2018-06-21,5.59,0.0,0.0,0.0,75.0,82,70,0.0,0.0,0.0
1209,2018-06-22,10.74,0.16,0.0,0.0,71.0,73,63,1.0,0.0,0.0
1210,2018-06-23,6.71,0.01,0.0,0.0,66.0,73,63,1.0,0.0,0.0
1211,2018-06-24,8.72,0.0,0.0,0.0,76.0,89,68,1.0,0.0,0.0
1212,2018-06-25,11.63,0.0,0.0,0.0,75.0,82,67,0.0,0.0,0.0
1213,2018-06-26,7.16,0.0,0.0,0.0,72.0,81,61,0.0,0.0,0.0
1214,2018-06-27,9.62,0.0,0.0,0.0,69.0,74,63,0.0,0.0,0.0
1215,2018-06-28,10.51,0.25,0.0,0.0,78.0,88,72,1.0,1.0,0.0
1216,2018-06-29,7.83,0.0,0.0,0.0,82.0,91,73,0.0,0.0,0.0
1217,2018-06-30,5.14,0.0,0.0,0.0,84.0,95,71,0.0,0.0,0.0
1218,2018-07-01,7.16,0.0,0.0,0.0,86.0,95,76,0.0,0.0,0.0
1219,2018-07-02,5.37,0.0,0.0,0.0,86.0,97,73,1.0,0.0,0.0
1220,2018-07-03,4.03,0.01,0.0,0.0,85.0,98,75,1.0,1.0,0.0
1221,2018-07-04,4.7,0.0,0.0,0.0,81.0,94,74,1.0,1.0,0.0
1222,2018-07-05,8.5,0.0,0.0,0.0,83.0,94,76,0.0,0.0,0.0
1223,2018-07-06,11.41,0.1,0.0,0.0,80.0,85,70,1.0,1.0,0.0
1224,2018-07-07,9.84,0.0,0.0,0.0,73.0,79,63,0.0,0.0,0.0
1225,2018-07-08,6.49,0.0,0.0,0.0,72.0,85,60,0.0,0.0,0.0
1226,2018-07-09,6.93,0.0,0.0,0.0,75.0,87,63,0.0,0.0,0.0
1227,2018-07-10,7.16,0.0,0.0,0.0,80.0,93,68,0.0,0.0,0.0
1228,2018-07-11,9.62,0.0,0.0,0.0,84.0,90,74,0.0,0.0,0.0
1229,2018-07-12,6.49,0.15,0.0,0.0,78.0,88,70,0.0,0.0,0.0
1230,2018-07-13,5.37,0.0,0.0,0.0,76.0,88,68,0.0,0.0,0.0
1231,2018-07-14,10.07,0.0,0.0,0.0,78.0,90,67,0.0,0.0,0.0
1232,2018-07-15,8.95,0.38,0.0,0.0,77.0,83,70,1.0,1.0,0.0
1233,2018-07-16,8.95,0.0,0.0,0.0,82.0,95,73,1.0,0.0,0.0
1234,2018-07-17,8.5,0.07,0.0,0.0,82.0,94,74,1.0,1.0,0.0
1235,2018-07-18,9.84,0.0,0.0,0.0,77.0,87,70,0.0,0.0,0.0
1236,2018-07-19,6.26,0.0,0.0,0.0,76.0,86,64,0.0,0.0,0.0
1237,2018-07-20,5.82,0.0,0.0,0.0,76.0,87,65,0.0,0.0,0.0
1238,2018-07-21,14.76,0.74,0.0,0.0,70.0,77,65,1.0,0.0,0.0
1239,2018-07-22,11.63,0.24,0.0,0.0,74.0,87,69,1.0,0.0,0.0
1240,2018-07-23,12.75,0.0,0.0,0.0,80.0,86,77,0.0,0.0,0.0
1241,2018-07-24,12.3,0.08,0.0,0.0,80.0,87,76,1.0,0.0,0.0
1242,2018-07-25,8.5,1.14,0.0,0.0,77.0,83,72,1.0,0.0,0.0
1243,2018-07-26,7.83,0.0,0.0,0.0,77.0,87,71,0.0,0.0,0.0
1244,2018-07-27,5.82,0.15,0.0,0.0,80.0,90,71,1.0,0.0,0.0
1245,2018-07-28,5.82,0.0,0.0,0.0,76.0,87,70,1.0,0.0,0.0
1246,2018-07-29,6.93,0.0,0.0,0.0,77.0,85,69,0.0,0.0,0.0
1247,2018-07-30,4.92,0.0,0.0,0.0,75.0,78,67,0.0,0.0,0.0
1248,2018-07-31,6.93,0.0,0.0,0.0,74.0,82,68,0.0,0.0,0.0
1249,2018-08-01,11.41,0.41,0.0,0.0,79.0,89,73,1.0,0.0,0.0
1250,2018-08-02,9.62,0.08,0.0,0.0,81.0,89,74,0.0,0.0,0.0
1251,2018-08-03,7.16,0.51,0.0,0.0,77.0,86,72,1.0,1.0,0.0
1252,2018-08-04,9.4,0.1,0.0,0.0,78.0,87,72,1.0,0.0,0.0
1253,2018-08-05,5.82,0.0,0.0,0.0,82.0,92,73,0.0,0.0,0.0
1254,2018-08-06,6.49,0.0,0.0,0.0,83.0,92,75,1.0,1.0,0.0
1255,2018-08-07,7.61,0.05,0.0,0.0,82.0,92,75,1.0,1.0,0.0
1256,2018-08-08,6.93,0.02,0.0,0.0,81.0,92,73,0.0,0.0,0.0
1257,2018-08-09,8.28,0.04,0.0,0.0,81.0,89,74,0.0,0.0,0.0
1258,2018-08-10,5.82,0.0,0.0,0.0,82.0,91,72,0.0,0.0,0.0
1259,2018-08-11,5.37,0.79,0.0,0.0,78.0,85,70,1.0,1.0,0.0
1260,2018-08-12,5.14,0.0,0.0,0.0,76.0,86,71,1.0,1.0,0.0
1261,2018-08-13,6.04,0.52,0.0,0.0,77.0,84,71,1.0,1.0,0.0
1262,2018-08-14,9.4,0.73,0.0,0.0,74.0,83,68,1.0,1.0,0.0
1263,2018-08-15,9.62,0.0,0.0,0.0,79.0,89,72,0.0,0.0,0.0
1264,2018-08-16,6.49,0.0,0.0,0.0,81.0,89,73,0.0,0.0,0.0
1265,2018-08-17,7.61,0.0,0.0,0.0,82.0,93,74,0.0,0.0,0.0
1266,2018-08-18,9.62,0.34,0.0,0.0,80.0,88,73,1.0,1.0,0.0
1267,2018-08-19,9.84,0.34,0.0,0.0,72.0,74,66,1.0,0.0,0.0
1268,2018-08-20,6.93,0.0,0.0,0.0,70.0,78,66,0.0,0.0,0.0
1269,2018-08-21,9.4,0.02,0.0,0.0,73.0,81,69,0.0,0.0,0.0
1270,2018-08-22,10.51,0.05,0.0,0.0,77.0,84,71,1.0,0.0,0.0
1271,2018-08-23,10.51,0.0,0.0,0.0,73.0,79,67,0.0,0.0,0.0
1272,2018-08-24,4.03,0.0,0.0,0.0,74.0,83,63,0.0,0.0,0.0
1273,2018-08-25,3.8,0.0,0.0,0.0,72.0,81,63,0.0,0.0,0.0
1274,2018-08-26,8.05,0.0,0.0,0.0,75.0,86,65,0.0,0.0,0.0
1275,2018-08-27,6.49,0.0,0.0,0.0,80.0,90,73,1.0,0.0,0.0
1276,2018-08-28,7.61,0.0,0.0,0.0,84.0,94,75,1.0,0.0,0.0
1277,2018-08-29,8.72,0.0,0.0,0.0,85.0,95,76,1.0,0.0,0.0
1278,2018-08-30,8.72,0.0,0.0,0.0,84.0,90,78,0.0,0.0,0.0
1279,2018-08-31,10.74,0.11,0.0,0.0,77.0,79,69,1.0,0.0,0.0
1280,2018-09-01,8.05,0.08,0.0,0.0,72.0,79,69,1.0,0.0,0.0
1281,2018-09-02,5.14,0.0,0.0,0.0,76.0,87,70,0.0,0.0,0.0
1282,2018-09-03,4.47,0.0,0.0,0.0,81.0,93,74,1.0,0.0,0.0
1283,2018-09-04,4.47,0.0,0.0,0.0,84.0,93,74,0.0,0.0,0.0
1284,2018-09-05,4.7,0.0,0.0,0.0,85.0,95,75,1.0,0.0,0.0
1285,2018-09-06,7.83,0.01,0.0,0.0,84.0,95,77,1.0,1.0,0.0
1286,2018-09-07,8.05,4.54,0.0,0.0,79.0,87,71,1.0,1.0,0.0
1287,2018-09-08,13.42,0.63,0.0,0.0,69.0,72,61,1.0,0.0,0.0
1288,2018-09-09,13.87,1.84,0.0,0.0,60.0,61,56,1.0,0.0,0.0
1289,2018-09-10,10.96,0.23,0.0,0.0,62.0,71,55,1.0,0.0,0.0
1290,2018-09-11,5.14,0.0,0.0,0.0,68.0,77,63,1.0,0.0,0.0
1291,2018-09-12,4.92,0.0,0.0,0.0,75.0,85,71,1.0,0.0,0.0
1292,2018-09-13,9.17,0.0,0.0,0.0,75.0,78,70,1.0,0.0,0.0
1293,2018-09-14,9.62,0.0,0.0,0.0,71.0,76,68,1.0,0.0,0.0
1294,2018-09-15,5.59,0.0,0.0,0.0,72.0,81,66,0.0,0.0,0.0
1295,2018-09-16,4.25,0.0,0.0,0.0,73.0,86,65,1.0,0.0,0.0
1296,2018-09-17,7.16,0.01,0.0,0.0,72.0,80,65,1.0,0.0,0.0
1297,2018-09-18,9.62,0.26,0.0,0.0,76.0,82,68,1.0,1.0,0.0
1298,2018-09-19,6.71,0.0,0.0,0.0,75.0,84,67,0.0,0.0,0.0
1299,2018-09-20,6.49,0.0,0.0,0.0,71.0,76,66,0.0,0.0,0.0
1300,2018-09-21,8.05,0.0,0.0,0.0,70.0,76,66,0.0,0.0,0.0
1301,2018-09-22,10.51,0.01,0.0,0.0,72.0,78,63,0.0,0.0,0.0
1302,2018-09-23,6.71,0.7,0.0,0.0,62.0,63,59,1.0,0.0,0.0
1303,2018-09-24,11.86,0.05,0.0,0.0,63.0,68,61,1.0,0.0,0.0
1304,2018-09-25,8.05,0.36,0.0,0.0,69.0,80,62,1.0,0.0,0.0
1305,2018-09-26,7.61,0.14,0.0,0.0,76.0,85,71,1.0,1.0,0.0
1306,2018-09-27,9.84,0.02,0.0,0.0,69.0,72,61,1.0,0.0,0.0
1307,2018-09-28,6.71,0.88,0.0,0.0,64.0,70,58,1.0,0.0,0.0
1308,2018-09-29,5.37,0.0,0.0,0.0,65.0,79,57,1.0,0.0,0.0
1309,2018-09-30,4.25,0.0,0.0,0.0,65.0,74,55,0.0,0.0,0.0
1310,2018-10-01,6.49,0.0,0.0,0.0,69.0,80,60,1.0,0.0,0.0
1311,2018-10-02,9.17,0.34,0.0,0.0,72.0,82,65,1.0,1.0,0.0
1312,2018-10-03,5.82,0.01,0.0,0.0,71.0,78,61,1.0,0.0,0.0
1313,2018-10-04,5.14,0.18,0.0,0.0,70.0,84,61,1.0,0.0,0.0
1314,2018-10-05,8.72,0.0,0.0,0.0,67.0,74,63,0.0,0.0,0.0
1315,2018-10-06,4.03,0.0,0.0,0.0,66.0,70,63,0.0,0.0,0.0
1316,2018-10-07,5.82,0.0,0.0,0.0,72.0,78,68,1.0,0.0,0.0
1317,2018-10-08,5.37,0.03,0.0,0.0,70.0,72,66,1.0,0.0,0.0
1318,2018-10-09,1.79,0.0,0.0,0.0,73.0,81,69,1.0,0.0,0.0
1319,2018-10-10,6.04,0.0,0.0,0.0,74.0,83,68,1.0,0.0,0.0
1320,2018-10-11,8.72,0.73,0.0,0.0,76.0,83,70,1.0,1.0,0.0
1321,2018-10-12,15.43,0.36,0.0,0.0,65.0,71,52,1.0,0.0,0.0
1322,2018-10-13,8.28,0.07,0.0,0.0,53.0,57,49,0.0,0.0,0.0
1323,2018-10-14,2.91,0.0,0.0,0.0,51.0,57,45,0.0,0.0,0.0
1324,2018-10-15,11.18,0.1,0.0,0.0,60.0,69,54,1.0,0.0,0.0
1325,2018-10-16,10.29,0.0,0.0,0.0,58.0,61,50,0.0,0.0,0.0
1326,2018-10-17,13.2,0.0,0.0,0.0,56.0,65,48,0.0,0.0,0.0
1327,2018-10-18,10.74,0.0,0.0,0.0,49.0,53,42,0.0,0.0,0.0
1328,2018-10-19,10.51,0.0,0.0,0.0,50.0,61,41,0.0,0.0,0.0
1329,2018-10-20,11.63,0.07,0.0,0.0,58.0,65,50,0.0,0.0,0.0
1330,2018-10-21,14.32,0.0,0.0,0.0,50.0,51,39,0.0,0.0,0.0
1331,2018-10-22,9.4,0.0,0.0,0.0,46.0,55,38,0.0,0.0,0.0
1332,2018-10-23,8.72,0.0,0.0,0.0,55.0,67,48,0.0,0.0,0.0
1333,2018-10-24,12.75,0.0,0.0,0.0,51.0,55,42,0.0,0.0,0.0
1334,2018-10-25,8.05,0.0,0.0,0.0,45.0,53,38,0.0,0.0,0.0
1335,2018-10-26,6.93,0.31,0.0,0.0,45.0,49,39,1.0,0.0,0.0
1336,2018-10-27,17.45,0.87,0.0,0.0,49.0,52,47,1.0,0.0,0.0
1337,2018-10-28,8.28,0.0,0.0,0.0,49.0,55,46,0.0,0.0,0.0
1338,2018-10-29,13.87,0.01,0.0,0.0,53.0,57,44,0.0,0.0,0.0
1339,2018-10-30,9.62,0.0,0.0,0.0,49.0,60,40,0.0,0.0,0.0
1340,2018-10-31,7.38,0.0,0.0,0.0,53.0,69,39,0.0,0.0,0.0
1341,2018-11-01,9.62,0.0,0.0,0.0,61.0,72,51,0.0,0.0,0.0
1342,2018-11-02,13.87,0.37,0.0,0.0,69.0,72,57,1.0,0.0,0.0
1343,2018-11-03,15.66,0.27,0.0,0.0,58.0,59,45,1.0,0.0,0.0
1344,2018-11-04,4.25,0.0,0.0,0.0,49.0,58,38,0.0,0.0,0.0
1345,2018-11-05,10.51,0.55,0.0,0.0,50.0,55,45,1.0,0.0,0.0
1346,2018-11-06,7.83,1.65,0.0,0.0,54.0,63,51,1.0,1.0,0.0
1347,2018-11-07,10.51,0.0,0.0,0.0,57.0,63,48,0.0,0.0,0.0
1348,2018-11-08,8.05,0.0,0.0,0.0,53.0,58,43,0.0,0.0,0.0
1349,2018-11-09,8.95,0.75,0.0,0.0,47.0,51,39,1.0,0.0,0.0
1350,2018-11-10,15.43,0.0,0.0,0.0,45.0,49,33,0.0,0.0,0.0
1351,2018-11-11,6.93,0.0,0.0,0.0,37.0,47,30,0.0,0.0,0.0
1352,2018-11-12,2.46,0.23,0.0,0.0,40.0,49,31,1.0,0.0,0.0
1353,2018-11-13,10.74,1.04,0.0,0.0,46.0,50,43,1.0,0.0,0.0
1354,2018-11-14,12.08,0.0,0.0,0.0,41.0,44,33,0.0,0.0,0.0
1355,2018-11-15,14.09,0.98,3.6,0.0,33.0,38,30,1.0,0.0,1.0
1356,2018-11-16,16.78,0.26,0.0,0.0,39.0,45,34,1.0,0.0,1.0
1357,2018-11-17,10.29,0.0,0.0,0.0,42.0,48,35,0.0,0.0,0.0
1358,2018-11-18,2.91,0.0,0.0,0.0,40.0,48,32,0.0,0.0,0.0
1359,2018-11-19,2.01,0.0,0.0,0.0,42.0,51,33,1.0,0.0,0.0
1360,2018-11-20,9.17,0.02,0.0,0.0,45.0,50,39,1.0,0.0,0.0
1361,2018-11-21,13.42,0.0,0.0,0.0,40.0,48,32,0.0,0.0,0.0
1362,2018-11-22,13.65,0.0,0.0,0.0,29.0,33,20,0.0,0.0,0.0
1363,2018-11-23,5.82,0.0,0.0,0.0,24.0,33,16,0.0,0.0,0.0
1364,2018-11-24,9.17,2.01,0.0,0.0,35.0,49,27,1.0,0.0,0.0
1365,2018-11-25,9.17,0.01,0.0,0.0,49.0,58,39,0.0,0.0,0.0
1366,2018-11-26,8.95,0.89,0.0,0.0,47.0,53,40,1.0,0.0,0.0
1367,2018-11-27,17.9,0.0,0.0,0.0,42.0,43,35,0.0,0.0,0.0
1368,2018-11-28,19.46,0.0,0.0,0.0,37.0,40,35,0.0,0.0,0.0
1369,2018-11-29,12.53,0.0,0.0,0.0,38.0,46,33,0.0,0.0,0.0
1370,2018-11-30,3.58,0.0,0.0,0.0,38.0,44,35,0.0,0.0,0.0
1371,2018-12-01,6.04,0.07,0.0,0.0,41.0,49,32,1.0,0.0,0.0
1372,2018-12-02,6.49,0.55,0.0,0.0,49.0,58,43,1.0,0.0,0.0
1373,2018-12-03,13.42,0.0,0.0,0.0,53.0,57,43,1.0,0.0,0.0
1374,2018-12-04,12.53,0.0,0.0,0.0,42.0,45,30,0.0,0.0,0.0
1375,2018-12-05,6.71,0.03,0.3,0.0,30.0,33,25,1.0,0.0,0.0
1376,2018-12-06,11.63,0.0,0.0,0.0,33.0,39,27,0.0,0.0,0.0
1377,2018-12-07,10.51,0.0,0.0,0.0,37.0,40,28,0.0,0.0,0.0
1378,2018-12-08,6.04,0.0,0.0,0.0,30.0,38,23,0.0,0.0,0.0
1379,2018-12-09,4.7,0.0,0.0,0.0,31.0,35,27,0.0,0.0,0.0
1380,2018-12-10,8.5,0.0,0.0,0.0,32.0,40,26,0.0,0.0,0.0
1381,2018-12-11,5.14,0.0,0.0,0.0,33.0,41,24,0.0,0.0,0.0
1382,2018-12-12,6.71,0.0,0.0,0.0,36.0,44,31,0.0,0.0,0.0
1383,2018-12-13,7.16,0.0,0.0,0.0,39.0,49,32,0.0,0.0,0.0
1384,2018-12-14,3.8,0.11,0.0,0.0,42.0,51,36,1.0,0.0,0.0
1385,2018-12-15,9.62,0.44,0.0,0.0,49.0,51,47,1.0,0.0,0.0
1386,2018-12-16,15.88,1.01,0.0,0.0,44.0,47,38,1.0,0.0,0.0
1387,2018-12-17,12.97,0.0,0.0,0.0,42.0,49,38,0.0,0.0,0.0
1388,2018-12-18,12.75,0.0,0.0,0.0,40.0,42,30,0.0,0.0,0.0
1389,2018-12-19,3.8,0.0,0.0,0.0,34.0,44,25,0.0,0.0,0.0
1390,2018-12-20,5.82,0.56,0.0,0.0,36.0,59,28,1.0,0.0,0.0
1391,2018-12-21,10.51,1.16,0.0,0.0,58.0,65,53,1.0,0.0,0.0
1392,2018-12-22,17.45,0.09,0.0,0.0,48.0,55,41,1.0,1.0,0.0
1393,2018-12-23,7.61,0.0,0.0,0.0,41.0,45,37,0.0,0.0,0.0
1394,2018-12-24,9.62,0.02,0.0,0.0,41.0,45,36,1.0,0.0,0.0
1395,2018-12-25,8.5,0.0,0.0,0.0,37.0,42,30,0.0,0.0,0.0
1396,2018-12-26,7.16,0.0,0.0,0.0,37.0,45,29,0.0,0.0,0.0
1397,2018-12-27,5.82,0.0,0.0,0.0,38.0,48,30,1.0,0.0,0.0
1398,2018-12-28,9.4,1.67,0.0,0.0,49.0,60,41,1.0,0.0,0.0
1399,2018-12-29,12.08,0.0,0.0,0.0,50.0,53,39,1.0,0.0,0.0
1400,2018-12-30,4.47,0.0,0.0,0.0,40.0,45,34,0.0,0.0,0.0
1401,2018-12-31,4.03,0.67,0.0,0.0,38.0,50,32,1.0,0.0,0.0
1402,2019-01-01,15.66,0.09,0.0,0.0,53.0,61,43,1.0,0.0,0.0
1403,2019-01-02,6.04,0.0,0.0,0.0,42.0,43,37,0.0,0.0,0.0
1404,2019-01-03,9.62,0.0,0.0,0.0,42.0,46,34,0.0,0.0,0.0
1405,2019-01-04,6.04,0.04,0.0,0.0,38.0,45,31,1.0,0.0,0.0
1406,2019-01-05,10.29,0.53,0.0,0.0,44.0,47,40,1.0,0.0,0.0
1407,2019-01-06,13.87,0.0,0.0,0.0,45.0,52,35,0.0,0.0,0.0
1408,2019-01-07,6.71,0.02,0.0,0.0,33.0,35,28,0.0,0.0,1.0
1409,2019-01-08,3.8,0.24,0.0,0.0,37.0,46,33,1.0,0.0,1.0
1410,2019-01-09,18.12,0.01,0.0,0.0,44.0,47,34,0.0,0.0,0.0
1411,2019-01-10,19.01,0.0,0.0,0.0,35.0,39,30,0.0,0.0,0.0
1412,2019-01-11,13.42,0.0,0.0,0.0,30.0,34,26,0.0,0.0,0.0
1413,2019-01-12,4.7,0.05,0.3,0.0,28.0,35,22,1.0,0.0,0.0
1414,2019-01-13,10.07,0.07,1.1,1.2,29.0,30,27,1.0,0.0,0.0
1415,2019-01-14,9.62,0.0,0.0,0.0,28.0,35,21,0.0,0.0,0.0
1416,2019-01-15,6.71,0.0,0.0,0.0,30.0,38,23,0.0,0.0,0.0
1417,2019-01-16,9.84,0.0,0.0,0.0,32.0,39,25,0.0,0.0,0.0
1418,2019-01-17,6.71,0.01,0.1,0.0,33.0,35,26,0.0,0.0,0.0
1419,2019-01-18,4.92,0.05,0.9,1.2,32.0,38,29,1.0,0.0,0.0
1420,2019-01-19,6.71,0.61,0.0,0.0,35.0,39,32,1.0,0.0,0.0
1421,2019-01-20,17.0,0.75,0.0,0.0,38.0,50,17,1.0,0.0,0.0
1422,2019-01-21,21.92,0.0,0.0,0.0,16.0,19,10,0.0,0.0,0.0
1423,2019-01-22,7.38,0.0,0.0,0.0,20.0,32,13,0.0,0.0,0.0
1424,2019-01-23,8.05,0.01,0.0,0.0,34.0,53,28,0.0,0.0,0.0
1425,2019-01-24,17.0,1.27,0.0,0.0,53.0,60,34,1.0,0.0,0.0
1426,2019-01-25,12.53,0.0,0.0,0.0,36.0,40,26,0.0,0.0,0.0
1427,2019-01-26,2.91,0.0,0.0,0.0,29.0,37,22,0.0,0.0,0.0
1428,2019-01-27,8.05,0.0,0.0,0.0,36.0,48,26,0.0,0.0,0.0
1429,2019-01-28,7.61,0.0,0.0,0.0,33.0,37,24,0.0,0.0,0.0
1430,2019-01-29,7.16,0.16,0.0,0.0,32.0,43,23,1.0,0.0,0.0
1431,2019-01-30,15.88,0.01,0.2,0.0,27.0,35,7,0.0,0.0,0.0
1432,2019-01-31,10.96,0.0,0.0,0.0,11.0,18,5,0.0,0.0,0.0
1433,2019-02-01,5.82,0.06,0.9,0.0,15.0,18,12,1.0,0.0,0.0
1434,2019-02-02,8.5,0.0,0.0,1.2,19.0,31,11,1.0,0.0,0.0
1435,2019-02-03,1.79,0.0,0.0,0.0,33.0,51,22,1.0,0.0,0.0
1436,2019-02-04,2.24,0.0,0.0,0.0,40.0,60,27,1.0,0.0,0.0
1437,2019-02-05,4.47,0.0,0.0,0.0,47.0,67,32,1.0,0.0,0.0
1438,2019-02-06,6.71,0.3,0.0,0.0,47.0,54,35,1.0,0.0,0.0
1439,2019-02-07,6.93,0.06,0.0,0.0,44.0,48,41,1.0,0.0,0.0
1440,2019-02-08,12.53,0.04,0.0,0.0,44.0,55,33,1.0,0.0,0.0
1441,2019-02-09,14.76,0.0,0.0,0.0,31.0,34,25,0.0,0.0,0.0
1442,2019-02-10,6.71,0.09,0.5,0.0,29.0,37,22,1.0,0.0,0.0
1443,2019-02-11,4.92,0.26,2.3,2.0,32.0,34,29,1.0,0.0,0.0
1444,2019-02-12,10.74,1.0,0.1,2.0,33.0,38,30,1.0,0.0,0.0
1445,2019-02-13,15.88,0.03,0.0,0.0,39.0,43,35,1.0,0.0,0.0
1446,2019-02-14,10.29,0.0,0.0,0.0,39.0,49,32,0.0,0.0,0.0
1447,2019-02-15,12.3,0.0,0.0,0.0,50.0,62,43,0.0,0.0,0.0
1448,2019-02-16,12.3,0.0,0.0,0.0,45.0,50,32,0.0,0.0,0.0
1449,2019-02-17,6.93,0.21,0.0,0.0,33.0,38,26,1.0,0.0,0.0
1450,2019-02-18,13.87,0.15,0.0,0.0,38.0,45,32,1.0,0.0,0.0
1451,2019-02-19,10.51,0.0,0.0,0.0,32.0,39,26,0.0,0.0,0.0
1452,2019-02-20,6.71,0.65,2.8,0.0,31.0,34,26,1.0,0.0,0.0
1453,2019-02-21,10.29,0.01,0.0,2.0,39.0,52,34,1.0,0.0,0.0
1454,2019-02-22,7.83,0.0,0.0,0.0,45.0,47,37,0.0,0.0,0.0
1455,2019-02-23,6.71,0.03,0.0,0.0,39.0,42,34,1.0,0.0,0.0
1456,2019-02-24,13.87,0.38,0.0,0.0,42.0,50,38,1.0,0.0,0.0
1457,2019-02-25,23.04,0.0,0.0,0.0,42.0,44,34,0.0,0.0,0.0
1458,2019-02-26,12.75,0.0,0.0,0.0,35.0,42,29,0.0,0.0,0.0
1459,2019-02-27,7.61,0.0,0.0,0.0,32.0,39,25,0.0,0.0,0.0
1460,2019-02-28,8.5,0.0,0.0,0.0,35.0,40,31,0.0,0.0,0.0
1461,2019-03-01,8.95,0.39,3.0,3.1,32.0,35,28,1.0,0.0,0.0
1462,2019-03-02,10.29,0.31,0.0,0.0,36.0,40,33,1.0,0.0,0.0
1463,2019-03-03,6.71,0.9,1.0,0.0,39.0,44,32,1.0,0.0,1.0
1464,2019-03-04,14.09,0.09,0.0,0.0,35.0,37,27,1.0,0.0,0.0
1465,2019-03-05,9.17,0.0,0.0,0.0,28.0,34,21,0.0,0.0,0.0
1466,2019-03-06,16.11,0.0,0.0,0.0,25.0,28,20,0.0,0.0,0.0
1467,2019-03-07,10.51,0.0,0.0,0.0,27.0,37,19,0.0,0.0,0.0
1468,2019-03-08,3.13,0.0,0.0,0.0,33.0,41,24,1.0,0.0,0.0
1469,2019-03-09,5.37,0.0,0.0,0.0,39.0,50,34,1.0,0.0,0.0
1470,2019-03-10,7.61,0.89,0.0,0.0,43.0,50,38,1.0,0.0,0.0
1471,2019-03-11,14.32,0.0,0.0,0.0,48.0,56,42,1.0,0.0,0.0
1472,2019-03-12,12.08,0.0,0.0,0.0,43.0,47,35,0.0,0.0,0.0
1473,2019-03-13,4.7,0.0,0.0,0.0,41.0,52,29,0.0,0.0,0.0
1474,2019-03-14,8.72,0.0,0.0,0.0,50.0,68,38,0.0,0.0,0.0
1475,2019-03-15,16.55,0.03,0.0,0.0,64.0,77,56,0.0,0.0,0.0
1476,2019-03-16,19.01,0.0,0.0,0.0,52.0,56,38,0.0,0.0,0.0
1477,2019-03-17,10.51,0.0,0.0,0.0,40.0,46,32,0.0,0.0,0.0
1478,2019-03-18,7.61,0.0,0.0,0.0,40.0,48,33,0.0,0.0,0.0
1479,2019-03-19,6.71,0.0,0.0,0.0,42.0,50,34,0.0,0.0,0.0
1480,2019-03-20,6.49,0.0,0.0,0.0,43.0,54,31,0.0,0.0,0.0
1481,2019-03-21,13.42,0.74,0.0,0.0,47.0,51,43,1.0,0.0,0.0
1482,2019-03-22,21.7,0.27,0.0,0.0,46.0,52,39,1.0,0.0,0.0
1483,2019-03-23,16.11,0.0,0.0,0.0,43.0,52,36,0.0,0.0,0.0
1484,2019-03-24,10.29,0.0,0.0,0.0,48.0,62,34,0.0,0.0,0.0
1485,2019-03-25,7.83,0.14,0.0,0.0,52.0,59,41,0.0,0.0,0.0
1486,2019-03-26,12.75,0.0,0.0,0.0,42.0,49,33,0.0,0.0,0.0
1487,2019-03-27,6.71,0.0,0.0,0.0,42.0,53,31,0.0,0.0,0.0
1488,2019-03-28,6.71,0.0,0.0,0.0,43.0,59,30,0.0,0.0,0.0
1489,2019-03-29,5.59,0.0,0.0,0.0,53.0,63,48,0.0,0.0,0.0
1490,2019-03-30,10.51,0.0,0.0,0.0,61.0,75,50,0.0,0.0,0.0
1491,2019-03-31,17.0,0.09,0.0,0.0,58.0,62,36,1.0,0.0,0.0
1492,2019-04-01,12.97,0.0,0.0,0.0,40.0,48,32,0.0,0.0,0.0
1493,2019-04-02,7.38,0.0,0.0,0.0,43.0,53,32,0.0,0.0,0.0
1494,2019-04-03,15.43,0.0,0.0,0.0,51.0,68,39,0.0,0.0,0.0
1495,2019-04-04,8.72,0.0,0.0,0.0,56.0,64,46,0.0,0.0,0.0
1496,2019-04-05,10.96,0.1,0.0,0.0,47.0,52,41,1.0,0.0,0.0
1497,2019-04-06,4.92,0.0,0.0,0.0,50.0,67,42,1.0,0.0,0.0
1498,2019-04-07,7.38,0.01,0.0,0.0,59.0,71,46,1.0,0.0,0.0
1499,2019-04-08,10.29,0.14,0.0,0.0,65.0,82,54,1.0,0.0,0.0
1500,2019-04-09,9.62,0.02,0.0,0.0,67.0,73,55,0.0,0.0,0.0
1501,2019-04-10,10.74,0.0,0.0,0.0,58.0,64,47,0.0,0.0,0.0
1502,2019-04-11,9.84,0.0,0.0,0.0,50.0,58,43,0.0,0.0,0.0
1503,2019-04-12,10.51,0.23,0.0,0.0,57.0,75,48,1.0,0.0,0.0
1504,2019-04-13,8.05,0.05,0.0,0.0,66.0,76,61,1.0,0.0,0.0
1505,2019-04-14,8.28,0.01,0.0,0.0,66.0,74,59,1.0,0.0,0.0
1506,2019-04-15,18.57,0.65,0.0,0.0,62.0,71,46,1.0,1.0,0.0
1507,2019-04-16,12.97,0.0,0.0,0.0,53.0,67,43,0.0,0.0,0.0
1508,2019-04-17,9.17,0.0,0.0,0.0,57.0,63,51,0.0,0.0,0.0
1509,2019-04-18,11.41,0.0,0.0,0.0,63.0,81,52,0.0,0.0,0.0
1510,2019-04-19,14.32,0.42,0.0,0.0,70.0,78,65,1.0,0.0,0.0
1511,2019-04-20,13.42,0.56,0.0,0.0,68.0,72,58,1.0,0.0,0.0
1512,2019-04-21,5.82,0.0,0.0,0.0,61.0,70,53,0.0,0.0,0.0
1513,2019-04-22,11.18,0.01,0.0,0.0,62.0,69,56,0.0,0.0,0.0
1514,2019-04-23,8.05,0.0,0.0,0.0,67.0,79,54,0.0,0.0,0.0
1515,2019-04-24,10.29,0.0,0.0,0.0,68.0,73,60,0.0,0.0,0.0
1516,2019-04-25,6.93,0.0,0.0,0.0,63.0,67,55,0.0,0.0,0.0
1517,2019-04-26,10.07,0.78,0.0,0.0,60.0,71,53,1.0,1.0,0.0
1518,2019-04-27,19.24,0.0,0.0,0.0,59.0,68,50,0.0,0.0,0.0
1519,2019-04-28,8.05,0.0,0.0,0.0,59.0,68,46,0.0,0.0,0.0
1520,2019-04-29,7.83,0.04,0.0,0.0,52.0,64,41,1.0,0.0,0.0
1521,2019-04-30,7.16,0.0,0.0,0.0,59.0,76,50,1.0,0.0,0.0
1522,2019-05-01,8.72,0.0,0.0,0.0,58.0,61,53,1.0,0.0,0.0
1523,2019-05-02,6.04,0.0,0.0,0.0,63.0,83,53,1.0,0.0,0.0
1524,2019-05-03,7.38,0.0,0.0,0.0,59.0,69,52,1.0,0.0,0.0
1525,2019-05-04,5.82,0.0,0.0,0.0,63.0,75,57,1.0,0.0,0.0
1526,2019-05-05,11.86,1.06,0.0,0.0,60.0,63,53,1.0,0.0,0.0
1527,2019-05-06,7.16,0.0,0.0,0.0,61.0,73,54,0.0,0.0,0.0
1528,2019-05-07,5.82,0.14,0.0,0.0,62.0,77,53,1.0,0.0,0.0
1529,2019-05-08,7.16,0.46,0.0,0.0,64.0,70,58,1.0,0.0,0.0
1530,2019-05-09,9.62,0.02,0.0,0.0,60.0,66,57,1.0,0.0,0.0
1531,2019-05-10,9.62,0.01,0.0,0.0,67.0,82,58,0.0,0.0,0.0
1532,2019-05-11,7.16,0.15,0.0,0.0,67.0,70,53,1.0,0.0,0.0
1533,2019-05-12,13.87,1.02,0.0,0.0,53.0,54,46,1.0,0.0,0.0
1534,2019-05-13,8.95,0.93,0.0,0.0,48.0,53,46,1.0,0.0,0.0
1535,2019-05-14,8.72,0.01,0.0,0.0,51.0,58,47,1.0,0.0,0.0
1536,2019-05-15,8.72,0.0,0.0,0.0,57.0,74,46,0.0,0.0,0.0
1537,2019-05-16,7.38,0.0,0.0,0.0,66.0,75,58,0.0,0.0,0.0
1538,2019-05-17,8.5,0.07,0.0,0.0,69.0,82,58,1.0,0.0,0.0
1539,2019-05-18,7.16,0.0,0.0,0.0,69.0,78,61,0.0,0.0,0.0
1540,2019-05-19,7.61,0.0,0.0,0.0,71.0,85,60,0.0,0.0,0.0
1541,2019-05-20,12.97,0.0,0.0,0.0,79.0,89,71,0.0,0.0,0.0
1542,2019-05-21,14.54,0.0,0.0,0.0,70.0,74,60,0.0,0.0,0.0
1543,2019-05-22,6.71,0.0,0.0,0.0,66.0,75,54,0.0,0.0,0.0
1544,2019-05-23,8.05,0.5,0.0,0.0,67.0,76,61,1.0,1.0,0.0
1545,2019-05-24,14.99,0.06,0.0,0.0,73.0,82,65,1.0,1.0,0.0
1546,2019-05-25,8.5,0.03,0.0,0.0,67.0,74,57,0.0,0.0,0.0
1547,2019-05-26,7.61,0.12,0.0,0.0,72.0,88,63,1.0,0.0,0.0
1548,2019-05-27,7.83,0.0,0.0,0.0,76.0,83,67,0.0,0.0,0.0
1549,2019-05-28,7.83,0.35,0.0,0.0,72.0,83,63,1.0,1.0,0.0
1550,2019-05-29,9.4,0.2,0.0,0.0,77.0,90,69,1.0,1.0,0.0
1551,2019-05-30,7.61,0.09,0.0,0.0,74.0,84,69,0.0,1.0,0.0
1552,2019-05-31,7.61,0.0,0.0,0.0,74.0,83,67,0.0,0.0,0.0
1553,2019-06-01,5.59,0.01,0.0,0.0,74.0,84,65,0.0,0.0,0.0
1554,2019-06-02,7.16,0.37,0.0,0.0,73.0,82,63,0.0,1.0,0.0
1555,2019-06-03,10.51,0.0,0.0,0.0,67.0,73,59,0.0,0.0,0.0
1556,2019-06-04,7.83,0.0,0.0,0.0,65.0,74,54,0.0,0.0,0.0
1557,2019-06-05,10.74,0.68,0.0,0.0,73.0,84,65,1.0,1.0,0.0
1558,2019-06-06,9.62,0.0,0.0,0.0,77.0,86,71,1.0,0.0,0.0
1559,2019-06-07,5.82,0.0,0.0,0.0,76.0,83,67,0.0,0.0,0.0
1560,2019-06-08,8.95,0.0,0.0,0.0,73.0,82,63,1.0,0.0,0.0
1561,2019-06-09,14.09,0.0,0.0,0.0,70.0,81,60,0.0,0.0,0.0
1562,2019-06-10,8.28,0.2,0.0,0.0,69.0,80,62,1.0,0.0,0.0
1563,2019-06-11,14.32,0.18,0.0,0.0,73.0,80,65,1.0,0.0,0.0
1564,2019-06-12,9.17,0.0,0.0,0.0,70.0,76,60,0.0,0.0,0.0
1565,2019-06-13,8.5,1.49,0.0,0.0,64.0,71,55,1.0,0.0,0.0
1566,2019-06-14,16.33,0.0,0.0,0.0,64.0,73,57,0.0,0.0,0.0
1567,2019-06-15,11.41,0.0,0.0,0.0,67.0,81,53,0.0,0.0,0.0
1568,2019-06-16,9.84,0.04,0.0,0.0,73.0,82,67,1.0,0.0,0.0
1569,2019-06-17,5.14,0.11,0.0,0.0,72.0,80,68,1.0,0.0,0.0
1570,2019-06-18,6.71,0.0,0.0,0.0,71.0,83,71,1.0,0.0,0.0
1571,2019-06-19,4.92,1.76,0.0,0.0,74.0,85,69,1.0,1.0,0.0
1572,2019-06-20,7.61,2.87,0.0,0.0,75.0,87,68,1.0,1.0,0.0
1573,2019-06-21,15.21,0.05,0.0,0.0,76.0,81,70,1.0,0.0,0.0
1574,2019-06-22,11.41,0.0,0.0,0.0,74.0,82,64,0.0,0.0,0.0
1575,2019-06-23,8.28,0.0,0.0,0.0,74.0,84,61,0.0,0.0,0.0
1576,2019-06-24,5.59,0.0,0.0,0.0,76.0,86,65,0.0,0.0,0.0
1577,2019-06-25,8.72,0.0,0.0,0.0,80.0,88,74,0.0,1.0,0.0
1578,2019-06-26,6.93,0.0,0.0,0.0,81.0,90,70,0.0,0.0,0.0
1579,2019-06-27,6.71,0.0,0.0,0.0,83.0,92,74,0.0,0.0,0.0
1580,2019-06-28,4.7,0.09,0.0,0.0,83.0,93,69,0.0,1.0,0.0
1581,2019-06-29,8.5,0.09,0.0,0.0,79.0,94,71,1.0,1.0,0.0
1582,2019-06-30,13.87,0.0,0.0,0.0,79.0,88,70,0.0,0.0,0.0
1583,2019-07-01,7.61,0.0,0.0,0.0,75.0,85,64,0.0,0.0,0.0
1584,2019-07-02,10.51,0.39,0.0,0.0,80.0,91,69,1.0,1.0,0.0
1585,2019-07-03,4.7,0.14,0.0,0.0,80.0,90,74,0.0,1.0,0.0
1586,2019-07-04,4.92,0.0,0.0,0.0,81.0,92,73,1.0,1.0,0.0
1587,2019-07-05,4.47,0.33,0.0,0.0,80.0,91,73,1.0,1.0,0.0
1588,2019-07-06,6.71,2.27,0.0,0.0,80.0,90,72,1.0,1.0,0.0
1589,2019-07-07,7.61,0.0,0.0,0.0,79.0,87,72,0.0,0.0,0.0
1590,2019-07-08,6.04,0.1,0.0,0.0,74.0,79,69,1.0,0.0,0.0
1591,2019-07-09,6.71,0.0,0.0,0.0,77.0,87,68,0.0,0.0,0.0
1592,2019-07-10,8.5,0.0,0.0,0.0,80.0,90,72,0.0,0.0,0.0
1593,2019-07-11,7.38,1.36,0.0,0.0,78.0,88,71,1.0,1.0,0.0
1594,2019-07-12,9.84,0.0,0.0,0.0,78.0,89,73,1.0,0.0,0.0
1595,2019-07-13,6.26,0.0,0.0,0.0,80.0,88,72,0.0,0.0,0.0
1596,2019-07-14,8.5,0.0,0.0,0.0,83.0,91,74,0.0,0.0,0.0
1597,2019-07-15,7.61,0.0,0.0,0.0,80.0,87,70,0.0,0.0,0.0
1598,2019-07-16,5.82,0.05,0.0,0.0,82.0,93,70,0.0,1.0,0.0
1599,2019-07-17,10.29,0.48,0.0,0.0,86.0,96,75,1.0,1.0,0.0
1600,2019-07-18,2.91,0.02,0.0,0.0,79.0,89,75,1.0,1.0,0.0
1601,2019-07-19,8.5,0.0,0.0,0.0,83.0,95,75,1.0,0.0,0.0
1602,2019-07-20,9.4,0.0,0.0,0.0,89.0,97,80,0.0,0.0,0.0
1603,2019-07-21,10.29,0.0,0.0,0.0,90.0,98,81,0.0,1.0,0.0
1604,2019-07-22,8.05,0.37,0.0,0.0,85.0,94,74,1.0,1.0,0.0
1605,2019-07-23,7.61,0.5,0.0,0.0,74.0,77,66,1.0,0.0,0.0
1606,2019-07-24,7.61,0.0,0.0,0.0,74.0,85,65,0.0,0.0,0.0
1607,2019-07-25,5.82,0.0,0.0,0.0,78.0,87,68,0.0,0.0,0.0
1608,2019-07-26,4.03,0.0,0.0,0.0,79.0,88,68,0.0,0.0,0.0
1609,2019-07-27,5.82,0.0,0.0,0.0,80.0,90,70,0.0,0.0,0.0
1610,2019-07-28,9.4,0.0,0.0,0.0,81.0,91,72,0.0,0.0,0.0
1611,2019-07-29,8.5,0.01,0.0,0.0,84.0,93,76,0.0,0.0,0.0
1612,2019-07-30,8.72,0.0,0.0,0.0,85.0,96,76,0.0,0.0,0.0
1613,2019-07-31,5.82,0.01,0.0,0.0,80.0,92,74,0.0,1.0,0.0
1614,2019-08-01,4.7,0.0,0.0,0.0,79.0,90,73,0.0,0.0,0.0
1615,2019-08-02,3.8,0.0,0.0,0.0,78.0,87,72,0.0,1.0,0.0
1616,2019-08-03,3.8,0.0,0.0,0.0,79.0,89,71,1.0,0.0,0.0
1617,2019-08-04,5.82,0.0,0.0,0.0,82.0,90,75,0.0,0.0,0.0
1618,2019-08-05,6.71,0.0,0.0,0.0,81.0,88,73,0.0,1.0,0.0
1619,2019-08-06,5.82,0.01,0.0,0.0,78.0,86,73,1.0,1.0,0.0
1620,2019-08-07,7.83,1.63,0.0,0.0,79.0,91,69,1.0,1.0,0.0
1621,2019-08-08,8.28,0.0,0.0,0.0,76.0,89,69,1.0,1.0,0.0
1622,2019-08-09,8.5,0.0,0.0,0.0,79.0,88,70,0.0,0.0,0.0
1623,2019-08-10,8.28,0.0,0.0,0.0,77.0,85,68,0.0,0.0,0.0
1624,2019-08-11,6.49,0.0,0.0,0.0,74.0,83,64,0.0,0.0,0.0
1625,2019-08-12,5.82,0.0,0.0,0.0,77.0,88,64,0.0,0.0,0.0
1626,2019-08-13,5.37,0.14,0.0,0.0,77.0,80,75,1.0,0.0,0.0
1627,2019-08-14,5.14,0.42,0.0,0.0,76.0,83,72,1.0,1.0,0.0
1628,2019-08-15,6.93,0.0,0.0,0.0,77.0,87,70,1.0,0.0,0.0
1629,2019-08-16,4.92,0.0,0.0,0.0,77.0,89,71,0.0,0.0,0.0
1630,2019-08-17,5.37,0.0,0.0,0.0,81.0,89,75,0.0,0.0,0.0
1631,2019-08-18,5.14,0.0,0.0,0.0,82.0,91,75,0.0,0.0,0.0
1632,2019-08-19,5.37,0.03,0.0,0.0,82.0,93,75,0.0,1.0,0.0
1633,2019-08-20,4.7,0.0,0.0,0.0,83.0,92,76,0.0,1.0,0.0
1634,2019-08-21,8.95,0.24,0.0,0.0,82.0,92,75,1.0,1.0,0.0
1635,2019-08-22,8.95,0.2,0.0,0.0,82.0,92,75,0.0,1.0,0.0
1636,2019-08-23,7.38,0.08,0.0,0.0,73.0,76,65,0.0,0.0,0.0
1637,2019-08-24,7.61,0.0,0.0,0.0,69.0,79,62,0.0,0.0,0.0
1638,2019-08-25,10.96,0.0,0.0,0.0,69.0,78,62,0.0,0.0,0.0
1639,2019-08-26,8.5,0.0,0.0,0.0,67.0,75,61,0.0,0.0,0.0
1640,2019-08-27,5.59,0.0,0.0,0.0,68.0,79,61,0.0,0.0,0.0
1641,2019-08-28,5.14,0.03,0.0,0.0,73.0,85,66,0.0,0.0,0.0
1642,2019-08-29,8.95,0.0,0.0,0.0,74.0,83,64,0.0,0.0,0.0
1643,2019-08-30,10.07,0.0,0.0,0.0,76.0,88,65,0.0,0.0,0.0
1644,2019-08-31,7.38,0.0,0.0,0.0,78.0,86,68,0.0,0.0,0.0
1645,2019-09-01,7.38,0.0,0.0,0.0,74.0,85,65,0.0,0.0,0.0
1646,2019-09-02,7.61,0.24,0.0,0.0,74.0,87,67,1.0,1.0,0.0
1647,2019-09-03,6.26,0.0,0.0,0.0,76.0,87,67,0.0,0.0,0.0
1648,2019-09-04,9.17,0.19,0.0,0.0,77.0,92,69,1.0,1.0,0.0
1649,2019-09-05,8.95,0.0,0.0,0.0,73.0,77,66,0.0,0.0,0.0
1650,2019-09-06,13.2,0.07,0.0,0.0,66.0,69,60,1.0,0.0,0.0
1651,2019-09-07,8.5,0.0,0.0,0.0,66.0,79,58,0.0,0.0,0.0
1652,2019-09-08,5.14,0.0,0.0,0.0,72.0,82,61,0.0,0.0,0.0
1653,2019-09-09,4.03,0.0,0.0,0.0,75.0,84,67,0.0,0.0,0.0
1654,2019-09-10,6.04,0.0,0.0,0.0,73.0,84,65,0.0,0.0,0.0
1655,2019-09-11,9.4,0.06,0.0,0.0,77.0,90,68,0.0,1.0,0.0
1656,2019-09-12,10.51,0.05,0.0,0.0,80.0,88,66,1.0,0.0,0.0
1657,2019-09-13,11.63,0.0,0.0,0.0,67.0,73,63,0.0,0.0,0.0
1658,2019-09-14,8.05,0.08,0.0,0.0,69.0,79,61,1.0,0.0,0.0
1659,2019-09-15,5.14,0.06,0.0,0.0,76.0,84,68,1.0,0.0,0.0
1660,2019-09-16,4.25,0.0,0.0,0.0,75.0,84,67,0.0,0.0,0.0
1661,2019-09-17,7.38,0.0,0.0,0.0,73.0,81,60,0.0,0.0,0.0
1662,2019-09-18,6.71,0.0,0.0,0.0,67.0,76,57,0.0,0.0,0.0
1663,2019-09-19,5.82,0.0,0.0,0.0,62.0,72,53,0.0,0.0,0.0
1664,2019-09-20,7.38,0.0,0.0,0.0,65.0,78,55,0.0,0.0,0.0
1665,2019-09-21,5.37,0.0,0.0,0.0,70.0,85,59,0.0,0.0,0.0
1666,2019-09-22,5.14,0.0,0.0,0.0,74.0,89,63,0.0,0.0,0.0
1667,2019-09-23,11.41,0.24,0.0,0.0,78.0,92,70,1.0,0.0,0.0
1668,2019-09-24,9.17,0.0,0.0,0.0,74.0,78,64,0.0,0.0,0.0
1669,2019-09-25,5.37,0.0,0.0,0.0,69.0,81,59,0.0,0.0,0.0
1670,2019-09-26,7.83,0.01,0.0,0.0,71.0,85,62,0.0,0.0,0.0
1671,2019-09-27,4.92,0.0,0.0,0.0,69.0,79,58,0.0,0.0,0.0
1672,2019-09-28,6.71,0.16,0.0,0.0,72.0,85,62,1.0,1.0,0.0
1673,2019-09-29,7.16,0.0,0.0,0.0,76.0,82,67,1.0,0.0,0.0
1674,2019-09-30,7.61,0.0,0.0,0.0,69.0,75,62,0.0,0.0,0.0
1675,2019-10-01,8.28,0.0,0.0,0.0,71.0,84,65,0.0,0.0,0.0
